runid,num_q,num_ret,num_rel,num_rel_ret,map,gm_map,Rprec,bpref,recip_rank,iprec_at_recall_0.00,iprec_at_recall_0.10,iprec_at_recall_0.20,iprec_at_recall_0.30,iprec_at_recall_0.40,iprec_at_recall_0.50,iprec_at_recall_0.60,iprec_at_recall_0.70,iprec_at_recall_0.80,iprec_at_recall_0.90,iprec_at_recall_1.00,P_5,P_10,P_15,P_20,P_30,P_100,P_200,P_500,P_1000,ndcg_cut_10,set_recall,
solr-bm25,50,50000,26664,9338,0.1727,0.0918,0.2673,0.3045,0.7829,0.8543,0.4638,0.3679,0.2602,0.1659,0.0900,0.0579,0.0086,0.0047,0.0000,0.0000,0.6680,0.6380,0.6120,0.5880,0.5620,0.4572,0.3801,0.2709,0.1868,0.5767,0.3512,
base_bm25_1,50,50000,26664,6140,0.0977,0.0387,0.1810,0.2106,0.6851,0.7388,0.3032,0.1895,0.1427,0.0732,0.0328,0.0239,0.0000,0.0000,0.0000,0.0000,0.5160,0.4900,0.4493,0.4390,0.4167,0.3220,0.2660,0.1850,0.1228,0.4493,0.2284,
base_bm25_2,50,50000,26664,9009,0.1695,0.0970,0.2643,0.2922,0.8227,0.8677,0.4811,0.3729,0.2495,0.1568,0.0921,0.0000,0.0000,0.0000,0.0000,0.0000,0.7240,0.6920,0.6547,0.6230,0.6053,0.4718,0.3893,0.2656,0.1802,0.6157,0.3385,
base_bm25_3,50,50000,26664,9338,0.1727,0.0919,0.2673,0.3045,0.7929,0.8566,0.4638,0.3679,0.2602,0.1659,0.0900,0.0579,0.0086,0.0047,0.0000,0.0000,0.6720,0.6400,0.6133,0.5890,0.5627,0.4572,0.3801,0.2709,0.1868,0.5802,0.3512,
base_DFI_1,50,50000,26664,6165,0.1002,0.0402,0.1818,0.2128,0.7468,0.7894,0.3172,0.1926,0.1380,0.0743,0.0328,0.0252,0.0000,0.0000,0.0000,0.0000,0.5440,0.4940,0.4787,0.4640,0.4353,0.3240,0.2671,0.1873,0.1233,0.4663,0.2311,
base_DFI_2,50,50000,26664,8331,0.1439,0.0831,0.2408,0.2696,0.7787,0.8412,0.4494,0.3235,0.1990,0.1085,0.0436,0.0000,0.0000,0.0000,0.0000,0.0000,0.6600,0.6440,0.6267,0.6030,0.5787,0.4372,0.3539,0.2449,0.1666,0.5772,0.3097,
base_DFI_3,50,50000,26664,8191,0.1491,0.0776,0.2392,0.2677,0.8031,0.8620,0.4530,0.3405,0.1990,0.1114,0.0663,0.0072,0.0000,0.0000,0.0000,0.0000,0.6720,0.6500,0.6227,0.5910,0.5580,0.4458,0.3607,0.2454,0.1638,0.5854,0.3013,
base_IBS_1,50,50000,26664,6171,0.1016,0.0409,0.1837,0.2127,0.7339,0.7860,0.3203,0.1941,0.1401,0.0837,0.0413,0.0249,0.0000,0.0000,0.0000,0.0000,0.5720,0.4940,0.4787,0.4670,0.4287,0.3260,0.2718,0.1891,0.1234,0.4680,0.2305,
base_IBS_2,50,50000,26664,8644,0.1428,0.0848,0.2452,0.2817,0.7250,0.8056,0.4260,0.3174,0.2183,0.1267,0.0546,0.0000,0.0000,0.0000,0.0000,0.0000,0.5680,0.5500,0.5547,0.5420,0.5260,0.4222,0.3463,0.2425,0.1729,0.4853,0.3258,
base_IBS_3,50,50000,26664,8770,0.1604,0.0866,0.2543,0.2883,0.7715,0.8502,0.4609,0.3584,0.2378,0.1362,0.0766,0.0467,0.0056,0.0000,0.0000,0.0000,0.6960,0.6560,0.6133,0.5910,0.5593,0.4574,0.3682,0.2572,0.1754,0.5912,0.3276,
base_LMDirichlet_1,50,50000,26664,6264,0.1044,0.0436,0.1904,0.2153,0.6368,0.7186,0.3281,0.1989,0.1544,0.0958,0.0429,0.0266,0.0000,0.0000,0.0000,0.0000,0.4640,0.4720,0.4480,0.4380,0.4133,0.3364,0.2782,0.1956,0.1253,0.4060,0.2339,
base_LMDirichlet_2,50,50000,26664,8768,0.1519,0.0825,0.2544,0.2816,0.7105,0.8074,0.4316,0.3431,0.2378,0.1400,0.0764,0.0000,0.0000,0.0000,0.0000,0.0000,0.6080,0.5520,0.5467,0.5330,0.5280,0.4300,0.3598,0.2527,0.1754,0.4832,0.3289,
base_LMDirichlet_3,50,50000,26664,9397,0.1683,0.0885,0.2678,0.3035,0.7784,0.8231,0.4422,0.3681,0.2653,0.1680,0.1098,0.0504,0.0061,0.0000,0.0000,0.0000,0.5760,0.5540,0.5413,0.5330,0.5220,0.4394,0.3788,0.2682,0.1879,0.4923,0.3582,
textEN_bm25_1,50,50000,26664,6664,0.1117,0.0515,0.1993,0.2321,0.7829,0.8302,0.3534,0.2160,0.1607,0.0829,0.0412,0.0276,0.0000,0.0000,0.0000,0.0000,0.5760,0.5400,0.5133,0.4850,0.4607,0.3498,0.2885,0.2015,0.1333,0.4997,0.2538,
textEN_bm25_2,50,50000,26664,9473,0.1841,0.0999,0.2787,0.3031,0.8160,0.8681,0.5117,0.4067,0.2864,0.1764,0.1217,0.0162,0.0000,0.0000,0.0000,0.0000,0.6920,0.6540,0.6333,0.6220,0.6073,0.4902,0.4077,0.2795,0.1895,0.5899,0.3571,
textEN_bm25_3,50,50000,26664,9695,0.1896,0.1024,0.2789,0.3163,0.8047,0.8632,0.5017,0.4002,0.2903,0.1857,0.1231,0.0662,0.0093,0.0056,0.0000,0.0000,0.7040,0.6720,0.6387,0.6090,0.5833,0.4806,0.4037,0.2796,0.1939,0.6153,0.3716,
textEN_DFI_1,50,50000,26664,6639,0.1141,0.0534,0.1998,0.2315,0.8199,0.8601,0.3658,0.2183,0.1575,0.0844,0.0439,0.0267,0.0000,0.0000,0.0000,0.0000,0.6040,0.5620,0.5293,0.5120,0.4720,0.3622,0.2931,0.1999,0.1328,0.5252,0.2526,
textEN_DFI_2,50,50000,26664,8915,0.1599,0.0905,0.2591,0.2849,0.7869,0.8459,0.4806,0.3642,0.2407,0.1435,0.0601,0.0000,0.0000,0.0000,0.0000,0.0000,0.6560,0.6400,0.6067,0.6070,0.5793,0.4498,0.3730,0.2593,0.1783,0.5695,0.3342,
textEN_DFI_3,50,50000,26664,8764,0.1690,0.0918,0.2582,0.2873,0.8402,0.8736,0.4947,0.3737,0.2512,0.1368,0.0710,0.0299,0.0068,0.0000,0.0000,0.0000,0.7000,0.6780,0.6640,0.6410,0.5900,0.4682,0.3875,0.2616,0.1753,0.6170,0.3289,
textEN_IBS_1,50,50000,26664,6669,0.1156,0.0542,0.2012,0.2323,0.8054,0.8521,0.3691,0.2180,0.1624,0.0865,0.0442,0.0260,0.0000,0.0000,0.0000,0.0000,0.5920,0.5640,0.5400,0.5120,0.4740,0.3646,0.2959,0.2014,0.1334,0.5234,0.2533,
textEN_IBS_2,50,50000,26664,8987,0.1535,0.0846,0.2566,0.2905,0.7008,0.7711,0.4443,0.3518,0.2446,0.1455,0.0740,0.0086,0.0000,0.0000,0.0000,0.0000,0.5160,0.5340,0.5160,0.5280,0.5140,0.4218,0.3618,0.2551,0.1797,0.4640,0.3404,
textEN_IBS_3,50,50000,26664,9264,0.1792,0.0990,0.2690,0.3051,0.8054,0.8639,0.5030,0.3884,0.2720,0.1609,0.0927,0.0507,0.0096,0.0061,0.0000,0.0000,0.7000,0.6720,0.6573,0.6320,0.5940,0.4806,0.3918,0.2693,0.1853,0.6124,0.3538,
textEN_LMDirichlet_1,50,50000,26664,7027,0.1212,0.0529,0.2104,0.2421,0.6455,0.7374,0.3708,0.2316,0.1734,0.1066,0.0550,0.0367,0.0000,0.0000,0.0000,0.0000,0.5200,0.5080,0.4987,0.4800,0.4387,0.3608,0.2934,0.2119,0.1405,0.4469,0.2645,
textEN_LMDirichlet_2,50,50000,26664,8923,0.1564,0.0782,0.2601,0.2849,0.7050,0.7783,0.4414,0.3519,0.2346,0.1615,0.1045,0.0072,0.0000,0.0000,0.0000,0.0000,0.5400,0.5340,0.5147,0.5100,0.4967,0.4256,0.3632,0.2576,0.1785,0.4651,0.3383,
textEN_LMDirichlet_3,50,50000,26664,9590,0.1765,0.0863,0.2762,0.3095,0.7662,0.8152,0.4570,0.3806,0.2823,0.1969,0.1297,0.0584,0.0061,0.0061,0.0000,0.0000,0.5920,0.5540,0.5080,0.5010,0.5053,0.4436,0.3817,0.2756,0.1918,0.5062,0.3692,
textEN_bm25_4,50,50000,26664,7262,0.1037,0.0641,0.2062,0.2606,0.6829,0.7710,0.3501,0.2179,0.1364,0.0652,0.0161,0.0073,0.0000,0.0000,0.0000,0.0000,0.5520,0.5160,0.4827,0.4820,0.4533,0.3570,0.2809,0.2006,0.1452,0.4857,0.2803,
textEN_bm25_5,50,50000,26664,10279,0.1853,0.1423,0.2960,0.3554,0.8313,0.8933,0.5362,0.4103,0.2958,0.1745,0.0877,0.0184,0.0000,0.0000,0.0000,0.0000,0.7200,0.6620,0.6547,0.6370,0.6107,0.5002,0.4147,0.2946,0.2056,0.6286,0.3960,
textEN_bm25_6,50,50000,26664,10768,0.2010,0.1538,0.3067,0.3714,0.8601,0.9033,0.5674,0.4265,0.3063,0.1949,0.1091,0.0360,0.0000,0.0000,0.0000,0.0000,0.7640,0.7280,0.6960,0.6650,0.6420,0.5220,0.4338,0.3082,0.2154,0.6833,0.4136,
textEN_DFI_4,50,50000,26664,7216,0.1039,0.0638,0.2049,0.2578,0.7187,0.7934,0.3518,0.2148,0.1344,0.0658,0.0236,0.0086,0.0000,0.0000,0.0000,0.0000,0.5800,0.5520,0.5160,0.4890,0.4593,0.3528,0.2864,0.2017,0.1443,0.5148,0.2764,
textEN_DFI_5,50,50000,26664,9721,0.1699,0.1313,0.2761,0.3312,0.8719,0.9122,0.5187,0.3742,0.2535,0.1452,0.0592,0.0116,0.0000,0.0000,0.0000,0.0000,0.7320,0.7120,0.6720,0.6470,0.6207,0.4894,0.3996,0.2817,0.1944,0.6687,0.3676,
textEN_DFI_6,50,50000,26664,10260,0.1866,0.1426,0.2910,0.3498,0.8925,0.9175,0.5481,0.3996,0.2929,0.1649,0.0842,0.0319,0.0000,0.0000,0.0000,0.0000,0.7960,0.7400,0.7040,0.6740,0.6420,0.5126,0.4199,0.2952,0.2052,0.6958,0.3862,
textEN_IBS_4,50,50000,26664,7314,0.1059,0.0658,0.2076,0.2619,0.7108,0.7840,0.3571,0.2201,0.1366,0.0718,0.0164,0.0099,0.0000,0.0000,0.0000,0.0000,0.5920,0.5500,0.5133,0.4880,0.4540,0.3588,0.2920,0.2038,0.1463,0.5158,0.2809,
textEN_IBS_5,50,50000,26664,10015,0.1771,0.1370,0.2847,0.3457,0.8236,0.8990,0.5232,0.3994,0.2737,0.1516,0.0678,0.0170,0.0000,0.0000,0.0000,0.0000,0.7040,0.6940,0.6720,0.6290,0.6027,0.4916,0.4035,0.2867,0.2003,0.6433,0.3821,
textEN_IBS_6,50,50000,26664,10572,0.1960,0.1521,0.3012,0.3645,0.8577,0.9063,0.5651,0.4179,0.3053,0.1783,0.0923,0.0327,0.0000,0.0000,0.0000,0.0000,0.7800,0.7400,0.7160,0.6670,0.6447,0.5198,0.4277,0.3026,0.2114,0.6916,0.4025,
textEN_LMDirichlet_4,50,50000,26664,6290,0.0836,0.0415,0.1866,0.2378,0.5021,0.6398,0.2867,0.1954,0.1332,0.0661,0.0202,0.0111,0.0000,0.0000,0.0000,0.0000,0.3800,0.3700,0.3533,0.3440,0.3360,0.2498,0.2159,0.1656,0.1258,0.3291,0.2578,
textEN_LMDirichlet_5,50,50000,26664,9245,0.1485,0.1050,0.2596,0.3207,0.7567,0.8285,0.4417,0.3322,0.2241,0.1446,0.0473,0.0102,0.0065,0.0000,0.0000,0.0000,0.6520,0.6060,0.5627,0.5530,0.5280,0.4262,0.3604,0.2570,0.1849,0.5572,0.3626,
textEN_LMDirichlet_6,50,50000,26664,9561,0.1592,0.1119,0.2725,0.3340,0.7137,0.8048,0.4465,0.3579,0.2487,0.1627,0.0742,0.0173,0.0070,0.0000,0.0000,0.0000,0.6160,0.5980,0.5933,0.5570,0.5313,0.4346,0.3692,0.2690,0.1912,0.5455,0.3785,
textEN_bm25_7,50,49827,26664,7295,0.1043,0.0647,0.2032,0.2622,0.6618,0.7691,0.3438,0.2122,0.1388,0.0627,0.0417,0.0120,0.0000,0.0000,0.0000,0.0000,0.5280,0.5160,0.5000,0.4830,0.4660,0.3398,0.2806,0.2034,0.1459,0.4783,0.2845,
textEN_bm25_8,50,50000,26664,10065,0.1794,0.1358,0.2853,0.3454,0.8217,0.9028,0.5272,0.3940,0.2807,0.1721,0.0913,0.0160,0.0000,0.0000,0.0000,0.0000,0.7240,0.6720,0.6427,0.6230,0.6053,0.4974,0.4079,0.2836,0.2013,0.6215,0.3865,
textEN_bm25_9,50,50000,26664,10501,0.1958,0.1489,0.2990,0.3626,0.8592,0.9013,0.5513,0.4246,0.2976,0.1964,0.0971,0.0280,0.0068,0.0000,0.0000,0.0000,0.7320,0.7260,0.6773,0.6500,0.6140,0.5168,0.4275,0.3005,0.2100,0.6764,0.4037,
textEN_DFI_7,50,49827,26664,7167,0.1033,0.0644,0.1993,0.2571,0.6913,0.7986,0.3398,0.2058,0.1285,0.0674,0.0359,0.0133,0.0000,0.0000,0.0000,0.0000,0.5720,0.5480,0.5320,0.5120,0.4740,0.3390,0.2797,0.2008,0.1433,0.5156,0.2787,
textEN_DFI_8,50,50000,26664,9098,0.1573,0.1176,0.2590,0.3097,0.9150,0.9252,0.5182,0.3508,0.2210,0.1140,0.0382,0.0103,0.0000,0.0000,0.0000,0.0000,0.7160,0.6820,0.6653,0.6390,0.6167,0.4856,0.3876,0.2642,0.1820,0.6498,0.3414,
textEN_DFI_9,50,50000,26664,9802,0.1761,0.1330,0.2787,0.3356,0.8479,0.8987,0.5354,0.3779,0.2555,0.1492,0.0710,0.0300,0.0017,0.0000,0.0000,0.0000,0.7640,0.7300,0.6960,0.6640,0.6220,0.4986,0.4049,0.2854,0.1960,0.6809,0.3706,
textEN_IBS_7,50,49827,26664,7359,0.1067,0.0672,0.2022,0.2640,0.6948,0.8022,0.3527,0.2142,0.1403,0.0702,0.0361,0.0148,0.0000,0.0000,0.0000,0.0000,0.6000,0.5640,0.5320,0.5100,0.4700,0.3480,0.2843,0.2043,0.1472,0.5297,0.2867,
textEN_IBS_8,50,50000,26664,9477,0.1643,0.1234,0.2736,0.3264,0.7962,0.8665,0.5172,0.3722,0.2403,0.1355,0.0519,0.0088,0.0000,0.0000,0.0000,0.0000,0.6760,0.6740,0.6467,0.6210,0.5907,0.4844,0.3917,0.2725,0.1895,0.6158,0.3591,
textEN_IBS_9,50,50000,26664,10200,0.1879,0.1445,0.2924,0.3531,0.8721,0.9079,0.5445,0.4118,0.2833,0.1677,0.0866,0.0311,0.0000,0.0000,0.0000,0.0000,0.7440,0.7380,0.7160,0.6770,0.6167,0.5094,0.4215,0.2959,0.2040,0.6899,0.3898,
textEN_LMDirichlet_7,50,49827,26664,7014,0.1044,0.0514,0.2072,0.2610,0.5469,0.6820,0.3234,0.2312,0.1719,0.1022,0.0593,0.0280,0.0000,0.0000,0.0000,0.0000,0.4280,0.4160,0.4120,0.3980,0.3700,0.2744,0.2290,0.1964,0.1403,0.3782,0.2859,
textEN_LMDirichlet_8,50,50000,26664,9031,0.1482,0.0998,0.2568,0.3100,0.7329,0.8156,0.4345,0.3348,0.2225,0.1432,0.0728,0.0113,0.0000,0.0000,0.0000,0.0000,0.6120,0.5720,0.5613,0.5400,0.5193,0.4306,0.3548,0.2525,0.1806,0.5277,0.3531,
textEN_LMDirichlet_9,50,50000,26664,9438,0.1591,0.1084,0.2689,0.3269,0.6960,0.7827,0.4486,0.3458,0.2529,0.1563,0.0879,0.0148,0.0000,0.0000,0.0000,0.0000,0.5800,0.5580,0.5547,0.5420,0.5107,0.4380,0.3739,0.2614,0.1888,0.5084,0.3705,
textEN_bm25_10,50,50000,26664,5840,0.0622,0.0310,0.1494,0.2069,0.5332,0.6257,0.2146,0.1319,0.0576,0.0376,0.0152,0.0090,0.0000,0.0000,0.0000,0.0000,0.3560,0.3120,0.2907,0.2780,0.2773,0.2344,0.1947,0.1506,0.1168,0.2776,0.2251,
textEN_bm25_11,50,50000,26664,7825,0.1097,0.0512,0.2083,0.2628,0.6507,0.7079,0.3397,0.2373,0.1591,0.0872,0.0468,0.0108,0.0000,0.0000,0.0000,0.0000,0.4640,0.4520,0.4347,0.4220,0.3980,0.3114,0.2723,0.2064,0.1565,0.4004,0.2996,
textEN_bm25_12,50,50000,26664,8244,0.1166,0.0611,0.2207,0.2788,0.6086,0.7189,0.3438,0.2552,0.1727,0.0978,0.0519,0.0117,0.0000,0.0000,0.0000,0.0000,0.4520,0.4640,0.4427,0.4110,0.3887,0.3328,0.2860,0.2230,0.1649,0.3941,0.3148,
textEN_DFI_10,50,50000,26664,5804,0.0615,0.0308,0.1467,0.2060,0.5724,0.6326,0.2161,0.1292,0.0623,0.0342,0.0155,0.0090,0.0000,0.0000,0.0000,0.0000,0.3480,0.2980,0.2920,0.2840,0.2727,0.2418,0.1997,0.1462,0.1161,0.2805,0.2243,
textEN_DFI_11,50,50000,26664,7345,0.0940,0.0505,0.1924,0.2458,0.6375,0.7118,0.3034,0.2105,0.1224,0.0642,0.0143,0.0000,0.0000,0.0000,0.0000,0.0000,0.4840,0.4560,0.4400,0.4160,0.3940,0.3012,0.2593,0.1956,0.1469,0.3896,0.2801,
textEN_DFI_12,50,50000,26664,7825,0.1058,0.0585,0.2080,0.2631,0.6270,0.7240,0.3324,0.2317,0.1517,0.0781,0.0192,0.0000,0.0000,0.0000,0.0000,0.0000,0.5000,0.4640,0.4280,0.4170,0.3933,0.3270,0.2810,0.2108,0.1565,0.4004,0.2960,
textEN_IBS_10,50,50000,26664,5926,0.0640,0.0323,0.1524,0.2109,0.5627,0.6394,0.2258,0.1377,0.0640,0.0384,0.0160,0.0132,0.0000,0.0000,0.0000,0.0000,0.3520,0.3020,0.3000,0.2870,0.2773,0.2454,0.2026,0.1504,0.1185,0.2787,0.2295,
textEN_IBS_11,50,50000,26664,7268,0.0925,0.0451,0.1900,0.2456,0.5580,0.6452,0.2884,0.2045,0.1154,0.0622,0.0304,0.0000,0.0000,0.0000,0.0000,0.0000,0.4400,0.4020,0.3933,0.3790,0.3680,0.2896,0.2479,0.1904,0.1454,0.3431,0.2793,
textEN_IBS_12,50,50000,26664,7998,0.1094,0.0589,0.2110,0.2715,0.5816,0.7007,0.3357,0.2428,0.1612,0.0894,0.0437,0.0029,0.0000,0.0000,0.0000,0.0000,0.4880,0.4500,0.4293,0.4200,0.3980,0.3218,0.2822,0.2156,0.1600,0.3821,0.3052,
textEN_LMDirichlet_10,50,50000,26664,5666,0.0730,0.0249,0.1606,0.2001,0.4340,0.5453,0.2564,0.1546,0.1038,0.0664,0.0284,0.0133,0.0000,0.0000,0.0000,0.0000,0.3160,0.2720,0.2707,0.2650,0.2507,0.2006,0.1744,0.1484,0.1133,0.2389,0.2186,
textEN_LMDirichlet_11,50,50000,26664,7423,0.0977,0.0430,0.1990,0.2482,0.5139,0.5974,0.3139,0.2307,0.1452,0.0756,0.0157,0.0051,0.0000,0.0000,0.0000,0.0000,0.3880,0.4000,0.3853,0.3730,0.3593,0.2880,0.2471,0.1939,0.1485,0.3259,0.2872,
textEN_LMDirichlet_12,50,50000,26664,7945,0.1074,0.0481,0.2111,0.2651,0.5687,0.6435,0.3267,0.2497,0.1743,0.0928,0.0315,0.0144,0.0000,0.0000,0.0000,0.0000,0.4000,0.4220,0.3867,0.3660,0.3493,0.2888,0.2534,0.2053,0.1589,0.3535,0.3061,
textEN_bm25_13,50,50000,26664,9695,0.1896,0.1024,0.2789,0.3163,0.8047,0.8632,0.5017,0.4002,0.2903,0.1857,0.1231,0.0662,0.0093,0.0056,0.0000,0.0000,0.7040,0.6720,0.6387,0.6090,0.5833,0.4806,0.4037,0.2796,0.1939,0.6153,0.3716,
textEN_bm25_14,50,50000,26664,10768,0.2010,0.1538,0.3067,0.3714,0.8601,0.9033,0.5674,0.4265,0.3063,0.1949,0.1091,0.0360,0.0000,0.0000,0.0000,0.0000,0.7640,0.7280,0.6960,0.6650,0.6420,0.5220,0.4338,0.3082,0.2154,0.6833,0.4136,
textEN_bm25_15,50,50000,26664,10501,0.1958,0.1489,0.2990,0.3626,0.8592,0.9013,0.5513,0.4246,0.2976,0.1964,0.0971,0.0280,0.0068,0.0000,0.0000,0.0000,0.7320,0.7260,0.6773,0.6500,0.6140,0.5168,0.4275,0.3005,0.2100,0.6764,0.4037,
textEN_bm25_16,50,50000,26664,8244,0.1166,0.0611,0.2207,0.2788,0.6086,0.7189,0.3438,0.2552,0.1727,0.0978,0.0519,0.0117,0.0000,0.0000,0.0000,0.0000,0.4520,0.4640,0.4427,0.4110,0.3887,0.3328,0.2860,0.2230,0.1649,0.3941,0.3148,
textEN_bm25_18,50,50000,26664,7522,0.1392,0.0723,0.2279,0.2487,0.7959,0.8422,0.4518,0.3080,0.1897,0.0956,0.0514,0.0102,0.0000,0.0000,0.0000,0.0000,0.6720,0.6260,0.6053,0.5800,0.5447,0.4274,0.3504,0.2362,0.1504,0.5810,0.2782,
textEN_bm25_19,50,50000,26664,8415,0.1619,0.0800,0.2531,0.2842,0.8098,0.8505,0.4720,0.3312,0.2452,0.1643,0.0705,0.0387,0.0082,0.0064,0.0000,0.0000,0.6680,0.6300,0.6093,0.5870,0.5527,0.4384,0.3699,0.2535,0.1683,0.5850,0.3208,
textEN_bm25_20,50,50000,26664,9602,0.1641,0.1202,0.2706,0.3311,0.8438,0.8922,0.5016,0.3587,0.2372,0.1312,0.0737,0.0139,0.0000,0.0000,0.0000,0.0000,0.7080,0.6760,0.6507,0.6360,0.5987,0.4656,0.3815,0.2724,0.1920,0.6396,0.3627,
textEN_bm25_21,50,50000,26664,10027,0.1737,0.1256,0.2810,0.3481,0.8438,0.8913,0.5060,0.3764,0.2572,0.1696,0.0995,0.0317,0.0065,0.0000,0.0000,0.0000,0.7000,0.6740,0.6533,0.6350,0.6013,0.4708,0.3877,0.2818,0.2005,0.6398,0.3842,
textEN_bm25_22,50,49556,26664,9183,0.1573,0.1171,0.2624,0.3188,0.8151,0.8753,0.4932,0.3591,0.2231,0.1279,0.0607,0.0113,0.0000,0.0000,0.0000,0.0000,0.6960,0.6520,0.6227,0.6090,0.5793,0.4602,0.3820,0.2672,0.1837,0.6141,0.3483,
textEN_bm25_23,50,50000,26664,9603,0.1685,0.1221,0.2739,0.3355,0.8117,0.8741,0.4976,0.3713,0.2445,0.1663,0.0711,0.0247,0.0094,0.0000,0.0000,0.0000,0.7000,0.6460,0.6187,0.6090,0.5813,0.4656,0.3896,0.2752,0.1921,0.6114,0.3701,
textEN_bm25_24,50,50000,26664,7057,0.0931,0.0511,0.1923,0.2420,0.6283,0.7173,0.3051,0.2113,0.1191,0.0605,0.0200,0.0000,0.0000,0.0000,0.0000,0.0000,0.4440,0.4000,0.3893,0.3680,0.3567,0.3090,0.2620,0.1960,0.1411,0.3565,0.2686,
textEN_bm25_25,50,50000,26664,7402,0.0980,0.0522,0.1966,0.2559,0.6419,0.7227,0.3185,0.2164,0.1297,0.0707,0.0235,0.0096,0.0000,0.0000,0.0000,0.0000,0.4400,0.3980,0.3893,0.3690,0.3553,0.3112,0.2643,0.1999,0.1480,0.3572,0.2858,
textEN_DFI_13,50,50000,26664,8764,0.1690,0.0918,0.2582,0.2873,0.8402,0.8736,0.4947,0.3737,0.2512,0.1368,0.0710,0.0299,0.0068,0.0000,0.0000,0.0000,0.7000,0.6780,0.6640,0.6410,0.5900,0.4682,0.3875,0.2616,0.1753,0.6170,0.3289,
textEN_DFI_14,50,50000,26664,10260,0.1866,0.1426,0.2910,0.3498,0.8925,0.9175,0.5481,0.3996,0.2929,0.1649,0.0842,0.0319,0.0000,0.0000,0.0000,0.0000,0.7960,0.7400,0.7040,0.6740,0.6420,0.5126,0.4199,0.2952,0.2052,0.6958,0.3862,
textEN_DFI_15,50,50000,26664,9802,0.1761,0.1330,0.2787,0.3356,0.8479,0.8987,0.5354,0.3779,0.2555,0.1492,0.0710,0.0300,0.0017,0.0000,0.0000,0.0000,0.7640,0.7300,0.6960,0.6640,0.6220,0.4986,0.4049,0.2854,0.1960,0.6809,0.3706,
textEN_DFI_16,50,50000,26664,7825,0.1058,0.0585,0.2080,0.2631,0.6270,0.7240,0.3324,0.2317,0.1517,0.0781,0.0192,0.0000,0.0000,0.0000,0.0000,0.0000,0.5000,0.4640,0.4280,0.4170,0.3933,0.3270,0.2810,0.2108,0.1565,0.4004,0.2960,
textEN_DFI_18,50,50000,26664,7402,0.1390,0.0751,0.2253,0.2448,0.8380,0.8746,0.4555,0.3009,0.1691,0.0917,0.0316,0.0093,0.0000,0.0000,0.0000,0.0000,0.7120,0.6780,0.6453,0.6120,0.5687,0.4318,0.3495,0.2332,0.1480,0.6263,0.2728,
textEN_DFI_19,50,50000,26664,8221,0.1592,0.0820,0.2491,0.2763,0.8380,0.8754,0.4742,0.3298,0.2193,0.1349,0.0577,0.0377,0.0093,0.0000,0.0000,0.0000,0.7160,0.6840,0.6480,0.6150,0.5720,0.4470,0.3685,0.2502,0.1644,0.6295,0.3103,
textEN_DFI_20,50,50000,26664,9344,0.1585,0.1154,0.2604,0.3210,0.8572,0.8910,0.4939,0.3426,0.2275,0.1233,0.0551,0.0082,0.0000,0.0000,0.0000,0.0000,0.7400,0.6940,0.6427,0.6340,0.5987,0.4680,0.3741,0.2664,0.1869,0.6590,0.3502,
textEN_DFI_21,50,50000,26664,9707,0.1667,0.1202,0.2700,0.3358,0.8572,0.8932,0.4994,0.3490,0.2323,0.1557,0.0652,0.0201,0.0000,0.0000,0.0000,0.0000,0.7440,0.6940,0.6440,0.6320,0.6000,0.4728,0.3779,0.2745,0.1941,0.6594,0.3684,
textEN_DFI_22,50,49556,26664,8914,0.1491,0.1107,0.2520,0.3077,0.8443,0.8923,0.4856,0.3214,0.1977,0.1160,0.0393,0.0111,0.0000,0.0000,0.0000,0.0000,0.7240,0.6680,0.6493,0.6380,0.5860,0.4422,0.3752,0.2594,0.1783,0.6377,0.3350,
textEN_DFI_23,50,50000,26664,9314,0.1592,0.1154,0.2620,0.3238,0.8442,0.8922,0.4889,0.3385,0.2195,0.1361,0.0675,0.0235,0.0083,0.0000,0.0000,0.0000,0.7240,0.6640,0.6467,0.6360,0.5900,0.4470,0.3844,0.2670,0.1863,0.6351,0.3563,
textEN_DFI_24,50,50000,26664,6908,0.0903,0.0499,0.1882,0.2369,0.6688,0.7394,0.3017,0.2049,0.1022,0.0582,0.0193,0.0000,0.0000,0.0000,0.0000,0.0000,0.4600,0.4080,0.3960,0.3810,0.3593,0.3038,0.2592,0.1957,0.1382,0.3714,0.2630,
textEN_DFI_25,50,50000,26664,7214,0.0943,0.0513,0.1933,0.2484,0.6688,0.7377,0.3099,0.2099,0.1177,0.0618,0.0225,0.0095,0.0000,0.0000,0.0000,0.0000,0.4640,0.4100,0.3960,0.3810,0.3573,0.3052,0.2610,0.1976,0.1443,0.3728,0.2769,
textEN_IBS_13,50,50000,26664,9264,0.1792,0.0990,0.2690,0.3051,0.8054,0.8639,0.5030,0.3884,0.2720,0.1609,0.0927,0.0507,0.0096,0.0061,0.0000,0.0000,0.7000,0.6720,0.6573,0.6320,0.5940,0.4806,0.3918,0.2693,0.1853,0.6124,0.3538,
textEN_IBS_14,50,50000,26664,10572,0.1960,0.1521,0.3012,0.3645,0.8577,0.9063,0.5651,0.4179,0.3053,0.1783,0.0923,0.0327,0.0000,0.0000,0.0000,0.0000,0.7800,0.7400,0.7160,0.6670,0.6447,0.5198,0.4277,0.3026,0.2114,0.6916,0.4025,
textEN_IBS_15,50,50000,26664,10200,0.1879,0.1445,0.2924,0.3531,0.8721,0.9079,0.5445,0.4118,0.2833,0.1677,0.0866,0.0311,0.0000,0.0000,0.0000,0.0000,0.7440,0.7380,0.7160,0.6770,0.6167,0.5094,0.4215,0.2959,0.2040,0.6899,0.3898,
textEN_IBS_16,50,50000,26664,7998,0.1094,0.0589,0.2110,0.2715,0.5816,0.7007,0.3357,0.2428,0.1612,0.0894,0.0437,0.0029,0.0000,0.0000,0.0000,0.0000,0.4880,0.4500,0.4293,0.4200,0.3980,0.3218,0.2822,0.2156,0.1600,0.3821,0.3052,
textEN_IBS_18,50,50000,26664,7501,0.1409,0.0758,0.2289,0.2483,0.8401,0.8739,0.4591,0.3071,0.1767,0.0984,0.0435,0.0097,0.0000,0.0000,0.0000,0.0000,0.6960,0.6640,0.6293,0.6010,0.5660,0.4352,0.3482,0.2342,0.1500,0.6199,0.2768,
textEN_IBS_19,50,50000,26664,8337,0.1620,0.0834,0.2519,0.2819,0.8405,0.8735,0.4787,0.3318,0.2408,0.1495,0.0638,0.0388,0.0097,0.0000,0.0000,0.0000,0.7000,0.6680,0.6360,0.6090,0.5700,0.4482,0.3677,0.2512,0.1667,0.6225,0.3166,
textEN_IBS_20,50,50000,26664,9451,0.1609,0.1186,0.2660,0.3264,0.8384,0.8855,0.4919,0.3537,0.2271,0.1205,0.0616,0.0030,0.0000,0.0000,0.0000,0.0000,0.7200,0.6920,0.6400,0.6380,0.6027,0.4594,0.3769,0.2698,0.1890,0.6504,0.3562,
textEN_IBS_21,50,50000,26664,9854,0.1699,0.1236,0.2751,0.3426,0.8384,0.8855,0.4980,0.3622,0.2443,0.1572,0.0685,0.0243,0.0053,0.0000,0.0000,0.0000,0.7200,0.6900,0.6427,0.6370,0.6060,0.4628,0.3822,0.2775,0.1971,0.6499,0.3759,
textEN_IBS_22,50,49556,26664,9049,0.1537,0.1156,0.2574,0.3149,0.8672,0.9001,0.4919,0.3450,0.2129,0.1270,0.0465,0.0113,0.0000,0.0000,0.0000,0.0000,0.7080,0.6680,0.6400,0.6100,0.5907,0.4470,0.3819,0.2629,0.1810,0.6440,0.3422,
textEN_IBS_23,50,50000,26664,9438,0.1643,0.1204,0.2680,0.3304,0.8670,0.9002,0.4929,0.3590,0.2234,0.1444,0.0686,0.0248,0.0103,0.0000,0.0000,0.0000,0.7080,0.6720,0.6387,0.6110,0.5913,0.4522,0.3878,0.2705,0.1888,0.6459,0.3625,
textEN_IBS_24,50,50000,26664,6964,0.0914,0.0502,0.1893,0.2397,0.6043,0.7025,0.3000,0.2096,0.1142,0.0598,0.0194,0.0000,0.0000,0.0000,0.0000,0.0000,0.4400,0.3840,0.3827,0.3700,0.3613,0.3020,0.2597,0.1949,0.1393,0.3401,0.2652,
textEN_IBS_25,50,50000,26664,7293,0.0959,0.0514,0.1940,0.2531,0.6045,0.7013,0.3082,0.2125,0.1296,0.0669,0.0226,0.0094,0.0000,0.0000,0.0000,0.0000,0.4440,0.3840,0.3827,0.3710,0.3600,0.3028,0.2610,0.1980,0.1459,0.3414,0.2814,
textEN_LMDirichlet_13,50,50000,26664,9590,0.1765,0.0863,0.2762,0.3095,0.7662,0.8152,0.4570,0.3806,0.2823,0.1969,0.1297,0.0584,0.0061,0.0061,0.0000,0.0000,0.5920,0.5540,0.5080,0.5010,0.5053,0.4436,0.3817,0.2756,0.1918,0.5062,0.3692,
textEN_LMDirichlet_14,50,50000,26664,9561,0.1592,0.1119,0.2725,0.3340,0.7137,0.8048,0.4465,0.3579,0.2487,0.1627,0.0742,0.0173,0.0070,0.0000,0.0000,0.0000,0.6160,0.5980,0.5933,0.5570,0.5313,0.4346,0.3692,0.2690,0.1912,0.5455,0.3785,
textEN_LMDirichlet_15,50,50000,26664,9438,0.1591,0.1084,0.2689,0.3269,0.6960,0.7827,0.4486,0.3458,0.2529,0.1563,0.0879,0.0148,0.0000,0.0000,0.0000,0.0000,0.5800,0.5580,0.5547,0.5420,0.5107,0.4380,0.3739,0.2614,0.1888,0.5084,0.3705,
textEN_LMDirichlet_16,50,50000,26664,7945,0.1074,0.0481,0.2111,0.2651,0.5687,0.6435,0.3267,0.2497,0.1743,0.0928,0.0315,0.0144,0.0000,0.0000,0.0000,0.0000,0.4000,0.4220,0.3867,0.3660,0.3493,0.2888,0.2534,0.2053,0.1589,0.3535,0.3061,
textEN_LMDirichlet_18,50,50000,26664,7870,0.1409,0.0692,0.2355,0.2550,0.7082,0.7838,0.4459,0.3088,0.2192,0.1107,0.0670,0.0109,0.0000,0.0000,0.0000,0.0000,0.5720,0.5660,0.5360,0.5250,0.5093,0.4230,0.3443,0.2423,0.1574,0.4939,0.2870,
textEN_LMDirichlet_19,50,50000,26664,9674,0.1783,0.0831,0.2774,0.3174,0.7081,0.7836,0.4544,0.3519,0.2870,0.2030,0.1490,0.0781,0.0171,0.0059,0.0000,0.0000,0.5720,0.5660,0.5373,0.5260,0.5113,0.4304,0.3678,0.2731,0.1935,0.4939,0.3730,
textEN_LMDirichlet_20,50,50000,26664,9051,0.1377,0.0948,0.2569,0.3170,0.6543,0.7519,0.4131,0.3242,0.2271,0.1253,0.0357,0.0118,0.0000,0.0000,0.0000,0.0000,0.5120,0.4800,0.4800,0.4820,0.4613,0.3906,0.3342,0.2498,0.1810,0.4428,0.3526,
textEN_LMDirichlet_21,50,50000,26664,9309,0.1441,0.0960,0.2619,0.3302,0.6539,0.7502,0.4082,0.3217,0.2381,0.1552,0.0573,0.0226,0.0123,0.0000,0.0000,0.0000,0.5120,0.4800,0.4800,0.4810,0.4613,0.3892,0.3356,0.2528,0.1862,0.4428,0.3704,
textEN_LMDirichlet_22,50,49556,26664,9046,0.1439,0.0952,0.2593,0.3150,0.6258,0.7337,0.4161,0.3419,0.2382,0.1385,0.0745,0.0153,0.0000,0.0000,0.0000,0.0000,0.5080,0.5020,0.4867,0.4790,0.4627,0.3914,0.3360,0.2524,0.1809,0.4623,0.3517,
textEN_LMDirichlet_23,50,50000,26664,9367,0.1520,0.0969,0.2640,0.3303,0.6258,0.7309,0.4153,0.3396,0.2485,0.1609,0.1029,0.0437,0.0095,0.0000,0.0000,0.0000,0.5080,0.5020,0.4907,0.4840,0.4633,0.3930,0.3370,0.2576,0.1873,0.4629,0.3748,
textEN_LMDirichlet_24,50,50000,26664,7278,0.0940,0.0439,0.1917,0.2418,0.5698,0.6593,0.3263,0.2255,0.1423,0.0693,0.0262,0.0000,0.0000,0.0000,0.0000,0.0000,0.3720,0.3920,0.3640,0.3420,0.3167,0.2678,0.2355,0.1880,0.1456,0.3283,0.2721,
textEN_LMDirichlet_25,50,50000,26664,7874,0.1040,0.0447,0.2003,0.2672,0.5695,0.6554,0.3275,0.2333,0.1572,0.0921,0.0419,0.0265,0.0000,0.0000,0.0000,0.0000,0.3720,0.3920,0.3640,0.3420,0.3173,0.2682,0.2378,0.1942,0.1575,0.3283,0.3107,
textEN_bm25_26,50,50000,26664,7696,0.1452,0.0760,0.2338,0.2535,0.8070,0.8534,0.4627,0.3180,0.2012,0.1060,0.0535,0.0104,0.0000,0.0000,0.0000,0.0000,0.6760,0.6400,0.6120,0.5950,0.5533,0.4380,0.3571,0.2420,0.1539,0.5923,0.2844,
textEN_bm25_27,50,50000,26664,8666,0.1690,0.0851,0.2602,0.2916,0.8072,0.8535,0.4811,0.3496,0.2532,0.1679,0.0771,0.0385,0.0093,0.0071,0.0000,0.0000,0.6760,0.6380,0.6160,0.5960,0.5553,0.4506,0.3783,0.2628,0.1733,0.5910,0.3313,
textEN_bm25_28,50,50000,26664,8472,0.1712,0.0930,0.2591,0.2710,0.8139,0.8764,0.5167,0.3795,0.2627,0.1387,0.0879,0.0113,0.0000,0.0000,0.0000,0.0000,0.7360,0.6920,0.6587,0.6400,0.6080,0.4856,0.3988,0.2664,0.1694,0.6295,0.3079,
textEN_bm25_29,50,50000,26664,9942,0.1976,0.1105,0.2900,0.3176,0.8143,0.8772,0.5250,0.4319,0.3106,0.2010,0.1320,0.0416,0.0000,0.0000,0.0000,0.0000,0.7360,0.6940,0.6613,0.6400,0.6087,0.4990,0.4204,0.2922,0.1988,0.6311,0.3758,
textEN_bm25_30,50,50000,26664,8470,0.1720,0.0932,0.2611,0.2704,0.8342,0.8794,0.5219,0.3815,0.2575,0.1395,0.0878,0.0112,0.0000,0.0000,0.0000,0.0000,0.7200,0.6900,0.6667,0.6440,0.6133,0.4880,0.4008,0.2665,0.1694,0.6284,0.3074,
textEN_bm25_31,50,50000,26664,9927,0.1987,0.1117,0.2905,0.3167,0.8354,0.8787,0.5306,0.4354,0.3126,0.2009,0.1354,0.0407,0.0000,0.0000,0.0000,0.0000,0.7240,0.6920,0.6667,0.6450,0.6120,0.5040,0.4264,0.2944,0.1985,0.6307,0.3741,
textEN_bm25_32,50,50000,26664,9856,0.1732,0.1285,0.2798,0.3398,0.8458,0.9005,0.5201,0.3812,0.2567,0.1588,0.0770,0.0159,0.0000,0.0000,0.0000,0.0000,0.7400,0.6840,0.6640,0.6460,0.6127,0.4766,0.3957,0.2830,0.1971,0.6492,0.3728,
textEN_bm25_33,50,50000,26664,10230,0.1817,0.1333,0.2888,0.3550,0.8458,0.9010,0.5265,0.3920,0.2709,0.1776,0.1031,0.0386,0.0062,0.0000,0.0000,0.0000,0.7400,0.6880,0.6667,0.6440,0.6127,0.4806,0.4007,0.2899,0.2046,0.6517,0.3927,
textEN_bm25_34,50,50000,26664,10701,0.2022,0.1586,0.3101,0.3680,0.8310,0.8921,0.5825,0.4403,0.3366,0.2092,0.0978,0.0259,0.0000,0.0000,0.0000,0.0000,0.7400,0.7080,0.6800,0.6720,0.6560,0.5314,0.4439,0.3096,0.2140,0.6615,0.4085,
textEN_bm25_35,50,50000,26664,10867,0.2062,0.1607,0.3134,0.3745,0.8310,0.8921,0.5817,0.4449,0.3343,0.2147,0.1169,0.0328,0.0000,0.0000,0.0000,0.0000,0.7400,0.7080,0.6787,0.6720,0.6547,0.5320,0.4467,0.3124,0.2173,0.6615,0.4169,
textEN_bm25_36,50,50000,26664,10687,0.2013,0.1583,0.3087,0.3674,0.8215,0.8944,0.5807,0.4378,0.3334,0.2025,0.0971,0.0261,0.0000,0.0000,0.0000,0.0000,0.7520,0.7040,0.6907,0.6740,0.6567,0.5300,0.4420,0.3092,0.2137,0.6605,0.4079,
textEN_bm25_37,50,50000,26664,10832,0.2051,0.1598,0.3119,0.3733,0.8204,0.8933,0.5790,0.4391,0.3346,0.2106,0.1172,0.0327,0.0000,0.0000,0.0000,0.0000,0.7480,0.7040,0.6893,0.6730,0.6560,0.5324,0.4440,0.3118,0.2166,0.6603,0.4160,
textEN_bm25_38,50,49556,26664,9533,0.1668,0.1253,0.2732,0.3301,0.8260,0.8848,0.5077,0.3758,0.2516,0.1438,0.0644,0.0114,0.0000,0.0000,0.0000,0.0000,0.7120,0.6640,0.6520,0.6180,0.5913,0.4706,0.3959,0.2765,0.1907,0.6263,0.3615,
textEN_bm25_39,50,50000,26664,9939,0.1771,0.1302,0.2837,0.3463,0.8259,0.8845,0.5119,0.3850,0.2653,0.1721,0.0785,0.0244,0.0100,0.0000,0.0000,0.0000,0.7120,0.6620,0.6467,0.6160,0.5927,0.4750,0.4043,0.2853,0.1988,0.6257,0.3831,
textEN_bm25_40,50,49556,26664,10339,0.1953,0.1513,0.2995,0.3564,0.8500,0.9077,0.5630,0.4389,0.3035,0.1832,0.0954,0.0172,0.0000,0.0000,0.0000,0.0000,0.7360,0.7100,0.6800,0.6570,0.6373,0.5216,0.4369,0.3008,0.2068,0.6648,0.3943,
textEN_bm25_41,50,50000,26664,10553,0.1994,0.1540,0.3034,0.3627,0.8500,0.9081,0.5662,0.4405,0.3103,0.1993,0.1044,0.0259,0.0000,0.0000,0.0000,0.0000,0.7360,0.7100,0.6800,0.6570,0.6367,0.5252,0.4402,0.3026,0.2111,0.6648,0.4043,
textEN_bm25_42,50,49556,26664,10315,0.1947,0.1508,0.2996,0.3557,0.8557,0.9068,0.5620,0.4369,0.3012,0.1880,0.0920,0.0164,0.0000,0.0000,0.0000,0.0000,0.7400,0.6940,0.6773,0.6670,0.6400,0.5190,0.4362,0.2999,0.2063,0.6565,0.3932,
textEN_bm25_43,50,50000,26664,10495,0.1984,0.1532,0.3032,0.3614,0.8557,0.9073,0.5640,0.4389,0.3089,0.1930,0.1043,0.0194,0.0000,0.0000,0.0000,0.0000,0.7400,0.6940,0.6760,0.6650,0.6387,0.5210,0.4388,0.3025,0.2099,0.6564,0.4028,
textEN_bm25_44,50,50000,26664,7276,0.0980,0.0534,0.1995,0.2488,0.6318,0.7196,0.3147,0.2193,0.1282,0.0700,0.0210,0.0000,0.0000,0.0000,0.0000,0.0000,0.4400,0.4160,0.3973,0.3800,0.3620,0.3118,0.2684,0.2036,0.1455,0.3665,0.2763,
textEN_bm25_45,50,50000,26664,7597,0.1023,0.0547,0.2031,0.2614,0.6319,0.7183,0.3231,0.2270,0.1389,0.0749,0.0330,0.0093,0.0000,0.0000,0.0000,0.0000,0.4400,0.4140,0.3973,0.3810,0.3627,0.3146,0.2707,0.2069,0.1519,0.3653,0.2920,
textEN_bm25_46,50,50000,26664,7962,0.1169,0.0599,0.2215,0.2679,0.6454,0.7379,0.3544,0.2557,0.1729,0.1038,0.0512,0.0043,0.0000,0.0000,0.0000,0.0000,0.5040,0.4660,0.4427,0.4270,0.4040,0.3354,0.2936,0.2236,0.1592,0.3962,0.2973,
textEN_bm25_47,50,50000,26664,8399,0.1226,0.0616,0.2275,0.2830,0.6454,0.7365,0.3604,0.2696,0.1804,0.1149,0.0566,0.0043,0.0000,0.0000,0.0000,0.0000,0.5040,0.4640,0.4427,0.4260,0.4027,0.3360,0.2971,0.2291,0.1680,0.3949,0.3197,
textEN_bm25_48,50,50000,26664,7936,0.1169,0.0593,0.2228,0.2671,0.6548,0.7420,0.3535,0.2522,0.1719,0.1020,0.0510,0.0043,0.0000,0.0000,0.0000,0.0000,0.5160,0.4660,0.4480,0.4350,0.4107,0.3374,0.2915,0.2223,0.1587,0.3985,0.2967,
textEN_bm25_49,50,50000,26664,8384,0.1227,0.0610,0.2274,0.2822,0.6548,0.7398,0.3586,0.2640,0.1897,0.1147,0.0555,0.0118,0.0000,0.0000,0.0000,0.0000,0.5120,0.4660,0.4467,0.4330,0.4067,0.3372,0.2968,0.2266,0.1677,0.3983,0.3194,
textEN_bm25_50,50,50000,26664,7398,0.1347,0.0698,0.2239,0.2452,0.8072,0.8512,0.4448,0.2976,0.1779,0.0872,0.0346,0.0099,0.0000,0.0000,0.0000,0.0000,0.6760,0.6260,0.5987,0.5790,0.5387,0.4188,0.3429,0.2311,0.1480,0.5819,0.2745,
textEN_bm25_51,50,50000,26664,8251,0.1566,0.0771,0.2488,0.2793,0.8179,0.8563,0.4617,0.3150,0.2380,0.1585,0.0622,0.0393,0.0072,0.0059,0.0000,0.0000,0.6800,0.6280,0.6053,0.5840,0.5433,0.4294,0.3624,0.2478,0.1650,0.5840,0.3142,
textEN_bm25_52,50,50000,26664,7192,0.1282,0.0657,0.2169,0.2393,0.8046,0.8502,0.4273,0.2872,0.1604,0.0734,0.0315,0.0090,0.0000,0.0000,0.0000,0.0000,0.6640,0.6240,0.5933,0.5590,0.5293,0.4060,0.3328,0.2232,0.1438,0.5822,0.2668,
textEN_bm25_53,50,50000,26664,7989,0.1488,0.0721,0.2406,0.2720,0.7959,0.8468,0.4486,0.2970,0.2114,0.1273,0.0456,0.0388,0.0063,0.0050,0.0000,0.0000,0.6560,0.6160,0.5973,0.5680,0.5333,0.4210,0.3492,0.2392,0.1598,0.5721,0.3041,
textEN_bm25_54,50,50000,26664,9325,0.1562,0.1131,0.2622,0.3221,0.8508,0.8940,0.4849,0.3491,0.2217,0.1243,0.0527,0.0028,0.0000,0.0000,0.0000,0.0000,0.6920,0.6600,0.6360,0.6290,0.5907,0.4468,0.3697,0.2647,0.1865,0.6225,0.3521,
textEN_bm25_55,50,50000,26664,9753,0.1661,0.1182,0.2739,0.3399,0.8508,0.8930,0.4918,0.3619,0.2354,0.1559,0.0805,0.0147,0.0049,0.0000,0.0000,0.0000,0.6800,0.6540,0.6387,0.6290,0.5913,0.4496,0.3767,0.2734,0.1951,0.6201,0.3736,
textEN_bm25_56,50,50000,26664,8878,0.1443,0.1024,0.2485,0.3078,0.8043,0.8643,0.4579,0.3268,0.1972,0.1100,0.0458,0.0000,0.0000,0.0000,0.0000,0.0000,0.6600,0.6280,0.6187,0.6150,0.5747,0.4300,0.3537,0.2545,0.1776,0.5903,0.3354,
textEN_bm25_57,50,50000,26664,9329,0.1545,0.1075,0.2607,0.3265,0.8009,0.8608,0.4656,0.3402,0.2151,0.1304,0.0702,0.0110,0.0051,0.0000,0.0000,0.0000,0.6400,0.6260,0.6227,0.6080,0.5753,0.4382,0.3610,0.2623,0.1866,0.5900,0.3566,
textEN_bm25_58,50,49556,26664,8943,0.1502,0.1107,0.2568,0.3109,0.8084,0.8700,0.4760,0.3341,0.2137,0.1130,0.0447,0.0110,0.0000,0.0000,0.0000,0.0000,0.6800,0.6440,0.6173,0.5970,0.5720,0.4450,0.3717,0.2600,0.1789,0.6053,0.3393,
textEN_bm25_59,50,50000,26664,9406,0.1620,0.1159,0.2691,0.3299,0.8050,0.8690,0.4823,0.3520,0.2336,0.1570,0.0698,0.0248,0.0084,0.0000,0.0000,0.0000,0.6840,0.6380,0.6093,0.5960,0.5733,0.4530,0.3784,0.2683,0.1881,0.6024,0.3634,
textEN_bm25_60,50,49556,26664,8539,0.1400,0.1019,0.2459,0.2979,0.8068,0.8710,0.4534,0.3093,0.1824,0.0951,0.0379,0.0104,0.0000,0.0000,0.0000,0.0000,0.6760,0.6180,0.6013,0.5920,0.5633,0.4266,0.3581,0.2495,0.1708,0.5917,0.3247,
textEN_bm25_61,50,50000,26664,9072,0.1523,0.1067,0.2586,0.3197,0.8034,0.8699,0.4570,0.3234,0.2002,0.1376,0.0673,0.0243,0.0074,0.0000,0.0000,0.0000,0.6800,0.6120,0.5867,0.5800,0.5620,0.4316,0.3619,0.2586,0.1814,0.5914,0.3518,
textEN_bm25_10029,50,50000,26664,8666,0.1690,0.0851,0.2602,0.2916,0.8072,0.8535,0.4811,0.3496,0.2532,0.1679,0.0771,0.0385,0.0093,0.0071,0.0000,0.0000,0.6760,0.6380,0.6160,0.5960,0.5553,0.4506,0.3783,0.2628,0.1733,0.5910,0.3313,
textEN_bm25_62,50,50000,26664,8472,0.1712,0.0930,0.2591,0.2710,0.8139,0.8764,0.5167,0.3795,0.2627,0.1387,0.0879,0.0113,0.0000,0.0000,0.0000,0.0000,0.7360,0.6920,0.6587,0.6400,0.6080,0.4856,0.3988,0.2664,0.1694,0.6295,0.3079,
textEN_bm25_63,50,50000,26664,9942,0.1976,0.1105,0.2900,0.3176,0.8143,0.8772,0.5250,0.4319,0.3106,0.2010,0.1320,0.0416,0.0000,0.0000,0.0000,0.0000,0.7360,0.6940,0.6613,0.6400,0.6087,0.4990,0.4204,0.2922,0.1988,0.6311,0.3758,
textEN_bm25_64,50,50000,26664,8469,0.1723,0.0937,0.2612,0.2703,0.8449,0.8856,0.5236,0.3809,0.2573,0.1396,0.0884,0.0113,0.0000,0.0000,0.0000,0.0000,0.7200,0.6940,0.6613,0.6490,0.6173,0.4906,0.3994,0.2659,0.1694,0.6347,0.3072,
textEN_bm25_65,50,50000,26664,9943,0.1995,0.1123,0.2916,0.3167,0.8461,0.8849,0.5335,0.4384,0.3134,0.2047,0.1347,0.0326,0.0000,0.0000,0.0000,0.0000,0.7240,0.6960,0.6627,0.6460,0.6160,0.5050,0.4268,0.2952,0.1989,0.6370,0.3745,
textEN_bm25_66,50,50000,26664,8465,0.1721,0.0939,0.2597,0.2701,0.8535,0.8944,0.5212,0.3809,0.2560,0.1393,0.0896,0.0115,0.0000,0.0000,0.0000,0.0000,0.7280,0.6980,0.6600,0.6590,0.6207,0.4922,0.3980,0.2650,0.1693,0.6423,0.3071,
textEN_bm25_67,50,50000,26664,9908,0.1992,0.1113,0.2915,0.3154,0.8549,0.8939,0.5332,0.4380,0.3143,0.2042,0.1304,0.0265,0.0000,0.0000,0.0000,0.0000,0.7320,0.7000,0.6587,0.6550,0.6193,0.5066,0.4272,0.2936,0.1982,0.6448,0.3727,
textEN_bm25_68,50,50000,26664,8455,0.1715,0.0934,0.2589,0.2698,0.8436,0.8887,0.5199,0.3778,0.2583,0.1394,0.0888,0.0113,0.0000,0.0000,0.0000,0.0000,0.7320,0.6860,0.6667,0.6650,0.6253,0.4898,0.3974,0.2640,0.1691,0.6337,0.3067,
textEN_bm25_69,50,50000,26664,9879,0.1984,0.1106,0.2911,0.3145,0.8452,0.8882,0.5366,0.4356,0.3124,0.2042,0.1307,0.0318,0.0000,0.0000,0.0000,0.0000,0.7360,0.6840,0.6693,0.6610,0.6213,0.5052,0.4276,0.2916,0.1976,0.6343,0.3715,
textEN_bm25_nltkstopw_1,50,50000,26664,6706,0.1123,0.0539,0.2036,0.2333,0.8059,0.8403,0.3539,0.2189,0.1645,0.0834,0.0388,0.0267,0.0000,0.0000,0.0000,0.0000,0.5880,0.5400,0.5133,0.4890,0.4587,0.3534,0.2898,0.2030,0.1341,0.5063,0.2554,
textEN_bm25_nltkstopw_2,50,50000,26664,9614,0.1865,0.1020,0.2814,0.3067,0.8324,0.8673,0.5174,0.4100,0.2920,0.1790,0.1187,0.0166,0.0000,0.0000,0.0000,0.0000,0.7080,0.6660,0.6507,0.6280,0.6047,0.4944,0.4082,0.2824,0.1923,0.6008,0.3619,
textEN_bm25_nltkstopw_3,50,50000,26664,8249,0.1631,0.0867,0.2529,0.2668,0.7845,0.8509,0.4971,0.3634,0.2370,0.1296,0.0698,0.0111,0.0000,0.0000,0.0000,0.0000,0.7040,0.6760,0.6413,0.6110,0.5773,0.4734,0.3890,0.2576,0.1650,0.6120,0.3011,
textEN_bm25_nltkstopw_4,50,50000,26664,9773,0.1926,0.1026,0.2847,0.3191,0.7845,0.8510,0.5060,0.4061,0.2899,0.1944,0.1374,0.0725,0.0091,0.0000,0.0000,0.0000,0.7040,0.6760,0.6413,0.6110,0.5773,0.4842,0.4100,0.2840,0.1955,0.6120,0.3756,
textEN_bm25_MESHsynonym_1,50,50000,26664,3687,0.0422,0.0089,0.0951,0.1292,0.3246,0.4006,0.1496,0.0621,0.0445,0.0250,0.0181,0.0000,0.0000,0.0000,0.0000,0.0000,0.2400,0.2360,0.2293,0.2310,0.2247,0.1744,0.1426,0.1028,0.0737,0.2124,0.1358,
textEN_bm25_MESHsynonym_2,50,50000,26664,5302,0.0599,0.0141,0.1303,0.1754,0.4076,0.4748,0.1947,0.1240,0.0728,0.0309,0.0224,0.0103,0.0000,0.0000,0.0000,0.0000,0.3240,0.2880,0.2653,0.2480,0.2313,0.1994,0.1716,0.1356,0.1060,0.2588,0.1913,
textEN_bm25_MESHsynonym_3,50,50000,26664,5534,0.0670,0.0198,0.1403,0.1875,0.4004,0.4751,0.2188,0.1469,0.0811,0.0409,0.0194,0.0108,0.0000,0.0000,0.0000,0.0000,0.3400,0.3340,0.3120,0.3030,0.2860,0.2248,0.1975,0.1487,0.1107,0.3037,0.2019,
textEN_bm25_MESHsynonym_4,50,50000,26664,5581,0.0676,0.0199,0.1411,0.1886,0.4000,0.4745,0.2186,0.1478,0.0831,0.0408,0.0199,0.0108,0.0000,0.0000,0.0000,0.0000,0.3400,0.3340,0.3120,0.3030,0.2860,0.2248,0.1974,0.1492,0.1116,0.3036,0.2032,
base_jan_synonyms_protwords_1,50,50000,26664,3010,0.0309,0.0069,0.0790,0.1066,0.3863,0.4610,0.0918,0.0509,0.0341,0.0217,0.0171,0.0036,0.0000,0.0000,0.0000,0.0000,0.2440,0.2220,0.2093,0.1970,0.1827,0.1436,0.1145,0.0823,0.0602,0.2002,0.1120,
base_jan_synonyms_protwords_2,50,50000,26664,5051,0.0635,0.0290,0.1401,0.1696,0.6556,0.7332,0.2171,0.1081,0.0594,0.0375,0.0186,0.0061,0.0000,0.0000,0.0000,0.0000,0.4840,0.4260,0.3960,0.3750,0.3593,0.2580,0.2107,0.1438,0.1010,0.3850,0.1874,
base_jan_synonyms_protwords_3,50,50000,26664,5381,0.0626,0.0264,0.1384,0.1764,0.6535,0.7177,0.1958,0.1162,0.0638,0.0322,0.0168,0.0000,0.0000,0.0000,0.0000,0.0000,0.4680,0.4300,0.4080,0.3810,0.3560,0.2352,0.1917,0.1445,0.1076,0.3885,0.1933,
base_jan_synonyms_protwords_4,50,50000,26664,5581,0.0678,0.0271,0.1431,0.1852,0.6535,0.7184,0.2007,0.1204,0.0639,0.0368,0.0303,0.0129,0.0121,0.0000,0.0000,0.0000,0.4680,0.4300,0.4080,0.3820,0.3553,0.2360,0.1947,0.1488,0.1116,0.3885,0.2049,
textEN_bm25_70,50,50000,26664,6701,0.1054,0.0208,0.1860,0.2220,0.5158,0.5803,0.3157,0.2477,0.1440,0.0893,0.0500,0.0150,0.0048,0.0000,0.0000,0.0000,0.3840,0.3820,0.3813,0.3790,0.3653,0.3114,0.2648,0.1894,0.1340,0.3468,0.2540,
textEN_bm25_71,50,47107,26664,2818,0.0281,0.0008,0.0656,0.0889,0.1738,0.2161,0.0875,0.0638,0.0376,0.0276,0.0000,0.0000,0.0000,0.0000,0.0000,0.0000,0.1320,0.1200,0.1160,0.1150,0.1140,0.1090,0.0957,0.0686,0.0564,0.0993,0.0965,
textEN_bm25_72,50,49180,26664,5812,0.0905,0.0189,0.1696,0.1887,0.5158,0.5809,0.3154,0.2242,0.1275,0.0459,0.0283,0.0000,0.0000,0.0000,0.0000,0.0000,0.3840,0.3840,0.3827,0.3810,0.3653,0.3054,0.2596,0.1753,0.1162,0.3481,0.2103,
textEN_bm25_73,47,40793,25584,2462,0.0260,0.0010,0.0624,0.0862,0.1845,0.2300,0.0930,0.0491,0.0289,0.0197,0.0000,0.0000,0.0000,0.0000,0.0000,0.0000,0.1404,0.1298,0.1234,0.1234,0.1213,0.1145,0.1000,0.0680,0.0524,0.1070,0.0936,
textEN_bm25_74,50,48216,26664,1834,0.0342,0.0003,0.0608,0.0720,0.0946,0.1261,0.0769,0.0656,0.0520,0.0460,0.0365,0.0202,0.0078,0.0069,0.0000,0.0000,0.0800,0.0720,0.0707,0.0800,0.0813,0.0750,0.0681,0.0520,0.0367,0.0611,0.0851,
textEN_bm25_75,50,48216,26664,1834,0.0342,0.0003,0.0608,0.0720,0.0946,0.1261,0.0769,0.0656,0.0520,0.0460,0.0365,0.0202,0.0078,0.0069,0.0000,0.0000,0.0800,0.0720,0.0707,0.0800,0.0813,0.0750,0.0681,0.0520,0.0367,0.0611,0.0851,
textEN_bm25_76,50,48216,26664,1834,0.0342,0.0003,0.0608,0.0720,0.0946,0.1261,0.0769,0.0656,0.0520,0.0460,0.0365,0.0202,0.0078,0.0069,0.0000,0.0000,0.0800,0.0720,0.0707,0.0800,0.0813,0.0750,0.0681,0.0520,0.0367,0.0611,0.0851,
textEN_bm25_77,50,48216,26664,1843,0.0342,0.0003,0.0608,0.0725,0.0946,0.1263,0.0769,0.0656,0.0520,0.0460,0.0365,0.0202,0.0078,0.0069,0.0000,0.0000,0.0800,0.0720,0.0707,0.0800,0.0813,0.0752,0.0681,0.0521,0.0369,0.0611,0.0857,
textEN_bm25_78,50,40489,26664,1310,0.0187,0.0005,0.0437,0.0492,0.1385,0.1746,0.0712,0.0575,0.0192,0.0000,0.0000,0.0000,0.0000,0.0000,0.0000,0.0000,0.1040,0.1040,0.1027,0.0940,0.0907,0.0830,0.0656,0.0412,0.0262,0.0855,0.0524,
textEN_bm25_79,50,48216,26664,1977,0.0317,0.0006,0.0631,0.0751,0.1433,0.1711,0.0784,0.0659,0.0485,0.0348,0.0245,0.0178,0.0064,0.0064,0.0000,0.0000,0.1040,0.0800,0.0947,0.0960,0.0967,0.0898,0.0792,0.0551,0.0395,0.0707,0.0889,
textEN_bm25_80,50,48216,26664,1977,0.0317,0.0006,0.0631,0.0751,0.1433,0.1711,0.0784,0.0659,0.0485,0.0348,0.0245,0.0178,0.0064,0.0064,0.0000,0.0000,0.1040,0.0800,0.0947,0.0960,0.0967,0.0898,0.0792,0.0551,0.0395,0.0707,0.0889,
textEN_bm25_82,50,48216,26664,1843,0.0342,0.0003,0.0608,0.0725,0.0946,0.1263,0.0769,0.0656,0.0520,0.0460,0.0365,0.0202,0.0078,0.0069,0.0000,0.0000,0.0800,0.0720,0.0707,0.0800,0.0813,0.0752,0.0681,0.0521,0.0369,0.0611,0.0857,
textEN_bm25_83,50,50000,26664,8892,0.1739,0.0853,0.2649,0.2940,0.8312,0.8759,0.4811,0.3745,0.2660,0.1601,0.1038,0.0383,0.0101,0.0090,0.0000,0.0000,0.7040,0.6500,0.6293,0.6110,0.5660,0.4626,0.3881,0.2659,0.1778,0.6054,0.3361,
textEN_bm25_84,50,50000,26664,9353,0.1826,0.0932,0.2731,0.3048,0.8018,0.8636,0.5107,0.3933,0.2752,0.1796,0.1028,0.0422,0.0070,0.0046,0.0000,0.0000,0.7120,0.6640,0.6573,0.6290,0.5920,0.4858,0.4000,0.2743,0.1871,0.6126,0.3520,
textEN_bm25_85,50,50000,26664,8892,0.1739,0.0853,0.2649,0.2940,0.8312,0.8759,0.4811,0.3745,0.2660,0.1601,0.1038,0.0383,0.0101,0.0090,0.0000,0.0000,0.7040,0.6500,0.6293,0.6110,0.5660,0.4626,0.3881,0.2659,0.1778,0.6054,0.3361,
textEN_bm25_86,50,50000,26664,9353,0.1826,0.0932,0.2731,0.3048,0.8018,0.8636,0.5107,0.3933,0.2752,0.1796,0.1028,0.0422,0.0070,0.0046,0.0000,0.0000,0.7120,0.6640,0.6573,0.6290,0.5920,0.4858,0.4000,0.2743,0.1871,0.6126,0.3520,
textEN_bm25_87,50,50000,26664,9353,0.1826,0.0932,0.2731,0.3048,0.8018,0.8636,0.5107,0.3933,0.2752,0.1796,0.1028,0.0422,0.0070,0.0046,0.0000,0.0000,0.7120,0.6640,0.6573,0.6290,0.5920,0.4858,0.4000,0.2743,0.1871,0.6126,0.3520,
textEN_bm25_88,50,50000,26664,9353,0.1826,0.0932,0.2731,0.3048,0.8018,0.8636,0.5107,0.3933,0.2752,0.1796,0.1028,0.0422,0.0070,0.0046,0.0000,0.0000,0.7120,0.6640,0.6573,0.6290,0.5920,0.4858,0.4000,0.2743,0.1871,0.6126,0.3520,
textEN_bm25_89,50,50000,26664,9353,0.1826,0.0932,0.2731,0.3048,0.8018,0.8636,0.5107,0.3933,0.2752,0.1796,0.1028,0.0422,0.0070,0.0046,0.0000,0.0000,0.7120,0.6640,0.6573,0.6290,0.5920,0.4858,0.4000,0.2743,0.1871,0.6126,0.3520,
textEN_bm25_90,50,50000,26664,9353,0.1826,0.0932,0.2731,0.3048,0.8018,0.8636,0.5107,0.3933,0.2752,0.1796,0.1028,0.0422,0.0070,0.0046,0.0000,0.0000,0.7120,0.6640,0.6573,0.6290,0.5920,0.4858,0.4000,0.2743,0.1871,0.6126,0.3520,
textEN_bm25_91,50,50000,26664,9353,0.1826,0.0932,0.2731,0.3048,0.8018,0.8636,0.5107,0.3933,0.2752,0.1796,0.1028,0.0422,0.0070,0.0046,0.0000,0.0000,0.7120,0.6640,0.6573,0.6290,0.5920,0.4858,0.4000,0.2743,0.1871,0.6126,0.3520,
textEN_bm25_92,50,50000,26664,9353,0.1826,0.0932,0.2731,0.3048,0.8018,0.8636,0.5107,0.3933,0.2752,0.1796,0.1028,0.0422,0.0070,0.0046,0.0000,0.0000,0.7120,0.6640,0.6573,0.6290,0.5920,0.4858,0.4000,0.2743,0.1871,0.6126,0.3520,
textEN_bm25_93,50,50000,26664,9353,0.1826,0.0932,0.2731,0.3048,0.8018,0.8636,0.5107,0.3933,0.2752,0.1796,0.1028,0.0422,0.0070,0.0046,0.0000,0.0000,0.7120,0.6640,0.6573,0.6290,0.5920,0.4858,0.4000,0.2743,0.1871,0.6126,0.3520,
textEN_bm25_94,50,50000,26664,9353,0.1826,0.0932,0.2731,0.3048,0.8018,0.8636,0.5107,0.3933,0.2752,0.1796,0.1028,0.0422,0.0070,0.0046,0.0000,0.0000,0.7120,0.6640,0.6573,0.6290,0.5920,0.4858,0.4000,0.2743,0.1871,0.6126,0.3520,
textEN_bm25_95,50,50000,26664,9353,0.1826,0.0932,0.2731,0.3048,0.8018,0.8636,0.5107,0.3933,0.2752,0.1796,0.1028,0.0422,0.0070,0.0046,0.0000,0.0000,0.7120,0.6640,0.6573,0.6290,0.5920,0.4858,0.4000,0.2743,0.1871,0.6126,0.3520,
textEN_bm25_96,50,50000,26664,9353,0.1826,0.0932,0.2731,0.3048,0.8018,0.8636,0.5107,0.3933,0.2752,0.1796,0.1028,0.0422,0.0070,0.0046,0.0000,0.0000,0.7120,0.6640,0.6573,0.6290,0.5920,0.4858,0.4000,0.2743,0.1871,0.6126,0.3520,
textEN_bm25_97,50,49036,26664,1800,0.0338,0.0006,0.0584,0.0707,0.1312,0.1547,0.0810,0.0643,0.0538,0.0381,0.0182,0.0180,0.0154,0.0000,0.0000,0.0000,0.0960,0.1020,0.0947,0.0980,0.0953,0.0834,0.0716,0.0516,0.0360,0.0912,0.0761,
textEN_bm25_98,50,50000,26664,11156,0.2178,0.1704,0.3200,0.3850,0.8267,0.9035,0.6008,0.4683,0.3478,0.2233,0.1264,0.0537,0.0061,0.0000,0.0000,0.0000,0.7840,0.7600,0.7147,0.6930,0.6533,0.5456,0.4581,0.3228,0.2231,0.7005,0.4300,
textEN_bm25_100,50,50000,26664,12221,0.2600,0.2075,0.3572,0.4132,0.9083,0.9410,0.6560,0.5444,0.4350,0.2908,0.1892,0.0883,0.0190,0.0000,0.0000,0.0000,0.8080,0.7940,0.7680,0.7520,0.7200,0.5966,0.5078,0.3576,0.2444,0.7423,0.4714,
textEN_bm25_99,50,50000,26664,11158,0.2179,0.1705,0.3201,0.3851,0.8267,0.9035,0.6008,0.4684,0.3479,0.2234,0.1264,0.0537,0.0043,0.0000,0.0000,0.0000,0.7840,0.7600,0.7147,0.6930,0.6533,0.5456,0.4581,0.3228,0.2232,0.7005,0.4299,
textEN_bm25_101,50,50000,26664,12107,0.2573,0.2099,0.3581,0.4075,0.9067,0.9505,0.6616,0.5413,0.4244,0.2881,0.1806,0.0905,0.0048,0.0000,0.0000,0.0000,0.8560,0.7980,0.7800,0.7560,0.7220,0.6022,0.5062,0.3547,0.2421,0.7540,0.4677,
textEN_bm25_102,50,50000,26664,11708,0.2409,0.1935,0.3420,0.3973,0.8790,0.9401,0.6392,0.5203,0.4011,0.2636,0.1619,0.0682,0.0000,0.0000,0.0000,0.0000,0.8080,0.7660,0.7467,0.7170,0.7000,0.5828,0.4854,0.3400,0.2342,0.7175,0.4510,
textEN_bm25_103,50,50000,26664,12275,0.2660,0.2000,0.3544,0.4009,0.8862,0.9354,0.6488,0.5417,0.4401,0.3229,0.2056,0.1033,0.0335,0.0059,0.0000,0.0000,0.8480,0.7960,0.7627,0.7400,0.7053,0.6028,0.5032,0.3602,0.2455,0.7365,0.4740,
textEN_bm25_104,50,50000,26664,11769,0.2431,0.1962,0.3433,0.4009,0.8983,0.9414,0.6484,0.5144,0.4026,0.2630,0.1448,0.0837,0.0000,0.0000,0.0000,0.0000,0.8280,0.7740,0.7440,0.7200,0.7133,0.5828,0.4865,0.3431,0.2354,0.7293,0.4534,
textEN_bm25_105,50,50000,26664,12375,0.2682,0.2191,0.3691,0.4141,0.9383,0.9692,0.6671,0.5597,0.4427,0.3105,0.1903,0.1018,0.0058,0.0000,0.0000,0.0000,0.8560,0.8140,0.7773,0.7610,0.7260,0.6132,0.5153,0.3648,0.2475,0.7659,0.4761,
textEN_bm25_106,50,50000,26664,11615,0.2367,0.1916,0.3390,0.3962,0.8873,0.9420,0.6404,0.5099,0.3896,0.2503,0.1476,0.0728,0.0000,0.0000,0.0000,0.0000,0.8200,0.7760,0.7520,0.7280,0.7027,0.5802,0.4801,0.3370,0.2323,0.7314,0.4488,
textEN_bm25_107,50,50000,26664,11156,0.2178,0.1704,0.3200,0.3850,0.8267,0.9035,0.6008,0.4683,0.3478,0.2233,0.1264,0.0537,0.0061,0.0000,0.0000,0.0000,0.7840,0.7600,0.7147,0.6930,0.6533,0.5456,0.4581,0.3228,0.2231,0.7005,0.4300,
textEN_bm25_108,50,50000,26664,12381,0.2683,0.2192,0.3692,0.4141,0.9383,0.9692,0.6671,0.5597,0.4428,0.3107,0.1905,0.1019,0.0058,0.0000,0.0000,0.0000,0.8560,0.8140,0.7773,0.7610,0.7260,0.6132,0.5152,0.3648,0.2476,0.7659,0.4767,
textEN_bm25_109,50,50000,26664,12203,0.2635,0.2137,0.3649,0.4056,0.9400,0.9714,0.6650,0.5547,0.4374,0.3103,0.1806,0.0930,0.0000,0.0000,0.0000,0.0000,0.8560,0.8140,0.7760,0.7590,0.7220,0.6104,0.5112,0.3616,0.2441,0.7647,0.4643,
textEN_bm25_110,50,50000,26664,12090,0.2539,0.2049,0.3569,0.4030,0.9017,0.9441,0.6479,0.5350,0.4201,0.2833,0.1829,0.0849,0.0071,0.0000,0.0000,0.0000,0.8320,0.7900,0.7587,0.7350,0.6973,0.5950,0.5022,0.3526,0.2418,0.7397,0.4654,
textEN_bm25_111,50,50000,26664,12203,0.2635,0.2137,0.3649,0.4056,0.9400,0.9714,0.6650,0.5547,0.4374,0.3103,0.1806,0.0930,0.0000,0.0000,0.0000,0.0000,0.8560,0.8140,0.7760,0.7590,0.7220,0.6104,0.5112,0.3616,0.2441,0.7647,0.4643,
textEN_bm25_112,50,50000,26664,12204,0.2635,0.2137,0.3651,0.4057,0.9400,0.9714,0.6650,0.5548,0.4376,0.3104,0.1807,0.0930,0.0000,0.0000,0.0000,0.0000,0.8560,0.8140,0.7760,0.7590,0.7220,0.6104,0.5110,0.3616,0.2441,0.7647,0.4642,
textEN_bm25_113,50,50000,26664,12046,0.2594,0.2108,0.3585,0.4036,0.9367,0.9697,0.6642,0.5484,0.4336,0.2944,0.1754,0.0745,0.0000,0.0000,0.0000,0.0000,0.8440,0.8140,0.7787,0.7570,0.7180,0.6066,0.5128,0.3599,0.2409,0.7626,0.4601,
textEN_bm25_114,50,50000,26664,12041,0.2601,0.2137,0.3613,0.4039,0.9383,0.9692,0.6669,0.5574,0.4331,0.2997,0.1799,0.0768,0.0000,0.0000,0.0000,0.0000,0.8600,0.8160,0.7787,0.7620,0.7260,0.6106,0.5118,0.3596,0.2408,0.7669,0.4615,
textEN_bm25_115,50,50000,26664,12348,0.2683,0.2189,0.3689,0.4142,0.9383,0.9692,0.6680,0.5630,0.4431,0.3119,0.1883,0.0983,0.0058,0.0000,0.0000,0.0000,0.8600,0.8160,0.7773,0.7610,0.7267,0.6132,0.5168,0.3654,0.2470,0.7674,0.4737,
textEN_bm25_116,50,50000,26664,11751,0.2524,0.2055,0.3517,0.3935,0.9367,0.9697,0.6631,0.5430,0.4247,0.2822,0.1624,0.0660,0.0000,0.0000,0.0000,0.0000,0.8480,0.8140,0.7800,0.7590,0.7207,0.6044,0.5075,0.3538,0.2350,0.7633,0.4464,
textEN_bm25_117,50,50000,26664,12030,0.2590,0.2101,0.3572,0.4035,0.9367,0.9697,0.6633,0.5502,0.4329,0.2891,0.1744,0.0750,0.0000,0.0000,0.0000,0.0000,0.8520,0.8140,0.7813,0.7560,0.7200,0.6064,0.5117,0.3586,0.2406,0.7628,0.4593,
textEN_bm25_118,50,50000,26664,12031,0.2600,0.2134,0.3613,0.4034,0.9383,0.9692,0.6670,0.5564,0.4337,0.2871,0.1795,0.0762,0.0000,0.0000,0.0000,0.0000,0.8640,0.8160,0.7773,0.7620,0.7260,0.6100,0.5122,0.3595,0.2406,0.7674,0.4605,
textEN_bm25_119,50,50000,26664,11747,0.2522,0.2052,0.3510,0.3935,0.9367,0.9697,0.6621,0.5415,0.4256,0.2826,0.1630,0.0647,0.0000,0.0000,0.0000,0.0000,0.8520,0.8140,0.7813,0.7570,0.7207,0.6032,0.5080,0.3534,0.2349,0.7632,0.4459,
textEN_bm25_120,50,50000,26664,12478,0.2735,0.2158,0.3723,0.4221,0.8458,0.9016,0.6881,0.5638,0.4530,0.3277,0.2097,0.1067,0.0201,0.0000,0.0000,0.0000,0.7920,0.7720,0.7680,0.7610,0.7307,0.6208,0.5238,0.3682,0.2496,0.7263,0.4805,
textEN_bm25_121,50,50000,26664,12411,0.2716,0.2142,0.3668,0.4198,0.8490,0.9090,0.6927,0.5578,0.4486,0.3240,0.2066,0.1007,0.0263,0.0064,0.0000,0.0000,0.7880,0.7720,0.7760,0.7650,0.7327,0.6146,0.5209,0.3675,0.2482,0.7333,0.4783,
textEN_bm25_stopwrdGH_1,50,50000,26664,12422,0.2693,0.2170,0.3688,0.4153,0.9233,0.9564,0.6665,0.5658,0.4469,0.3196,0.1910,0.1028,0.0130,0.0000,0.0000,0.0000,0.8400,0.8020,0.7533,0.7310,0.7127,0.6138,0.5161,0.3654,0.2484,0.7562,0.4776,
textEN_bm25_10108,50,50000,26664,12381,0.2683,0.2192,0.3692,0.4141,0.9383,0.9692,0.6671,0.5597,0.4428,0.3107,0.1905,0.1019,0.0058,0.0000,0.0000,0.0000,0.8560,0.8140,0.7773,0.7610,0.7260,0.6132,0.5152,0.3648,0.2476,0.7659,0.4767,
textEN_bm25_122,50,50000,26664,10473,0.2165,0.1463,0.3103,0.3582,0.8606,0.9016,0.5991,0.4423,0.3347,0.2195,0.1329,0.0732,0.0000,0.0000,0.0000,0.0000,0.7840,0.7440,0.7147,0.6940,0.6707,0.5478,0.4518,0.3104,0.2095,0.6767,0.3966,
textEN_bm25_123,50,50000,26664,12291,0.2751,0.2254,0.3704,0.4196,0.9367,0.9762,0.6976,0.5758,0.4476,0.3056,0.1966,0.0985,0.0320,0.0000,0.0000,0.0000,0.8440,0.8080,0.8147,0.7970,0.7567,0.6334,0.5274,0.3677,0.2458,0.7564,0.4742,
textEN_bm25_124,50,50000,26664,7851,0.1368,0.0668,0.2252,0.2757,0.7370,0.8077,0.4029,0.2755,0.1926,0.1208,0.0707,0.0224,0.0000,0.0000,0.0000,0.0000,0.6160,0.6060,0.5667,0.5500,0.5280,0.4062,0.3330,0.2280,0.1570,0.5600,0.2979,
textEN_bm25_125,50,50000,26664,7802,0.1353,0.0664,0.2233,0.2735,0.7370,0.8077,0.4028,0.2735,0.1866,0.1139,0.0706,0.0222,0.0000,0.0000,0.0000,0.0000,0.6160,0.6060,0.5667,0.5500,0.5280,0.4058,0.3304,0.2265,0.1560,0.5600,0.2951,
textEN_bm25_126,50,50000,26664,12429,0.2779,0.2290,0.3729,0.4227,0.9167,0.9678,0.7026,0.5741,0.4510,0.3203,0.2001,0.1055,0.0336,0.0000,0.0000,0.0000,0.8480,0.8240,0.8120,0.7910,0.7567,0.6344,0.5299,0.3707,0.2486,0.7737,0.4802,
textEN_bm25_127,50,50000,26664,11838,0.2595,0.2067,0.3547,0.4064,0.9500,0.9716,0.6761,0.5426,0.4191,0.2857,0.1774,0.0939,0.0262,0.0000,0.0000,0.0000,0.8320,0.8060,0.7947,0.7740,0.7433,0.6132,0.5127,0.3536,0.2368,0.7584,0.4562,
textEN_bm25_128,50,50000,26664,6601,0.1142,0.0515,0.1921,0.2349,0.7622,0.8083,0.3734,0.2216,0.1564,0.0767,0.0305,0.0179,0.0000,0.0000,0.0000,0.0000,0.6040,0.5720,0.5520,0.5330,0.5027,0.3822,0.2984,0.1979,0.1320,0.5338,0.2505,
textEN_bm25_129,50,50000,26664,6558,0.1127,0.0511,0.1903,0.2328,0.7622,0.8083,0.3734,0.2193,0.1456,0.0764,0.0301,0.0179,0.0000,0.0000,0.0000,0.0000,0.6040,0.5720,0.5520,0.5330,0.5027,0.3802,0.2963,0.1967,0.1312,0.5338,0.2481,
textEN_bm25_130,50,50000,26664,12441,0.2769,0.2288,0.3718,0.4228,0.9067,0.9655,0.7015,0.5723,0.4512,0.3185,0.2023,0.1050,0.0321,0.0000,0.0000,0.0000,0.8520,0.8140,0.8093,0.7920,0.7607,0.6328,0.5278,0.3698,0.2488,0.7661,0.4807,
textEN_bm25_131,50,50000,26664,12423,0.2752,0.2278,0.3703,0.4219,0.9050,0.9644,0.7012,0.5674,0.4480,0.3111,0.2013,0.1038,0.0239,0.0000,0.0000,0.0000,0.8480,0.8160,0.8040,0.7900,0.7593,0.6310,0.5248,0.3687,0.2485,0.7686,0.4806,
textEN_bm25_132,50,50000,26664,12387,0.2730,0.2262,0.3678,0.4210,0.9183,0.9676,0.6964,0.5643,0.4448,0.3091,0.2005,0.1027,0.0150,0.0000,0.0000,0.0000,0.8400,0.8120,0.7960,0.7890,0.7580,0.6282,0.5225,0.3668,0.2477,0.7696,0.4801,
textEN_bm25_133,50,50000,26664,12412,0.2728,0.2270,0.3669,0.4218,0.9250,0.9781,0.6998,0.5627,0.4460,0.3072,0.2044,0.1023,0.0172,0.0000,0.0000,0.0000,0.8360,0.8160,0.8013,0.7810,0.7473,0.6328,0.5247,0.3666,0.2482,0.7670,0.4813,
textEN_bm25_citcount_1,50,50000,26664,9411,0.1885,0.1592,0.2894,0.3140,0.9270,0.9637,0.6249,0.4517,0.2881,0.1059,0.0139,0.0000,0.0000,0.0000,0.0000,0.0000,0.8320,0.8000,0.7707,0.7540,0.7120,0.5686,0.4642,0.2940,0.1882,0.7463,0.3545,
textEN_bm25_citcount_2,50,50000,26664,5585,0.1114,0.0901,0.1849,0.2012,0.9090,0.9442,0.5038,0.1990,0.0306,0.0000,0.0000,0.0000,0.0000,0.0000,0.0000,0.0000,0.8080,0.7720,0.7307,0.7040,0.6547,0.4834,0.3455,0.1920,0.1117,0.7296,0.2120,
textEN_bm25_citcount_3,50,50000,26664,12323,0.2748,0.2264,0.3698,0.4196,0.9167,0.9678,0.6980,0.5716,0.4482,0.3105,0.1926,0.1027,0.0314,0.0000,0.0000,0.0000,0.8440,0.8240,0.8107,0.7910,0.7540,0.6326,0.5285,0.3684,0.2465,0.7713,0.4758,
textEN_bm25_citcount_10,50,50000,26664,6153,0.1228,0.1004,0.2012,0.2192,0.9117,0.9473,0.5344,0.2493,0.0529,0.0022,0.0000,0.0000,0.0000,0.0000,0.0000,0.0000,0.8120,0.7880,0.7480,0.7190,0.6673,0.4990,0.3650,0.2080,0.1231,0.7407,0.2322,
textEN_bm25_citcount_11,50,50000,26664,6061,0.1205,0.0983,0.1981,0.2160,0.9117,0.9473,0.5254,0.2434,0.0458,0.0021,0.0000,0.0000,0.0000,0.0000,0.0000,0.0000,0.8120,0.7840,0.7413,0.7120,0.6633,0.4958,0.3606,0.2051,0.1212,0.7370,0.2286,
textEN_bm25_citcount_12,50,50000,26664,6003,0.1191,0.0969,0.1961,0.2139,0.9117,0.9473,0.5219,0.2325,0.0431,0.0021,0.0000,0.0000,0.0000,0.0000,0.0000,0.0000,0.8120,0.7840,0.7400,0.7110,0.6613,0.4932,0.3577,0.2034,0.1201,0.7369,0.2263,
textEN_bm25_citcount_13,50,50000,26664,5942,0.1178,0.0957,0.1945,0.2121,0.9100,0.9468,0.5174,0.2297,0.0429,0.0021,0.0000,0.0000,0.0000,0.0000,0.0000,0.0000,0.8120,0.7820,0.7360,0.7090,0.6587,0.4906,0.3560,0.2018,0.1188,0.7366,0.2243,
textEN_bm25_citcount_4,50,50000,26664,8449,0.1751,0.1453,0.2674,0.2927,0.9083,0.9536,0.6248,0.4219,0.2301,0.0569,0.0168,0.0000,0.0000,0.0000,0.0000,0.0000,0.8520,0.8140,0.7840,0.7620,0.7267,0.5648,0.4375,0.2704,0.1690,0.7622,0.3174,
textEN_bm25_citcount_5,50,50000,26664,7420,0.1507,0.1241,0.2373,0.2599,0.9083,0.9508,0.5895,0.3625,0.1401,0.0283,0.0000,0.0000,0.0000,0.0000,0.0000,0.0000,0.8240,0.7940,0.7627,0.7410,0.7080,0.5340,0.4067,0.2442,0.1484,0.7426,0.2786,
textEN_bm25_citcount_6,50,50000,26664,6900,0.1383,0.1139,0.2222,0.2427,0.9083,0.9497,0.5633,0.3067,0.1022,0.0161,0.0000,0.0000,0.0000,0.0000,0.0000,0.0000,0.8160,0.7880,0.7573,0.7350,0.6933,0.5192,0.3897,0.2296,0.1380,0.7369,0.2584,
textEN_bm25_citcount_7,50,50000,26664,6603,0.1316,0.1081,0.2134,0.2332,0.9083,0.9490,0.5513,0.2840,0.0755,0.0100,0.0000,0.0000,0.0000,0.0000,0.0000,0.0000,0.8080,0.7860,0.7533,0.7290,0.6780,0.5104,0.3790,0.2210,0.1321,0.7372,0.2477,
textEN_bm25_citcount_8,50,50000,26664,6390,0.1272,0.1041,0.2073,0.2261,0.9117,0.9473,0.5417,0.2674,0.0701,0.0024,0.0000,0.0000,0.0000,0.0000,0.0000,0.0000,0.8120,0.7840,0.7480,0.7230,0.6727,0.5054,0.3725,0.2150,0.1278,0.7372,0.2399,
textEN_bm25_citcount_9,50,50000,26664,6253,0.1245,0.1019,0.2035,0.2221,0.9117,0.9473,0.5350,0.2580,0.0640,0.0024,0.0000,0.0000,0.0000,0.0000,0.0000,0.0000,0.8120,0.7840,0.7480,0.7200,0.6693,0.5010,0.3671,0.2110,0.1251,0.7372,0.2356,
textEN_bm25_citcount_14,50,50000,26664,12429,0.2780,0.2291,0.3731,0.4227,0.9200,0.9678,0.7025,0.5743,0.4512,0.3205,0.2001,0.1056,0.0335,0.0000,0.0000,0.0000,0.8440,0.8260,0.8120,0.7920,0.7567,0.6346,0.5302,0.3708,0.2486,0.7763,0.4802,
textEN_bm25_citcount_15,50,50000,26664,12429,0.2780,0.2292,0.3731,0.4227,0.9200,0.9678,0.7023,0.5743,0.4515,0.3205,0.2001,0.1057,0.0335,0.0000,0.0000,0.0000,0.8440,0.8260,0.8120,0.7930,0.7573,0.6350,0.5302,0.3709,0.2486,0.7762,0.4802,
textEN_bm25_citcount_16,50,50000,26664,12429,0.2780,0.2292,0.3731,0.4226,0.9200,0.9683,0.7023,0.5743,0.4516,0.3204,0.2002,0.1058,0.0335,0.0000,0.0000,0.0000,0.8440,0.8280,0.8107,0.7910,0.7573,0.6350,0.5302,0.3710,0.2486,0.7775,0.4802,
textEN_bm25_citcount_17,50,50000,26664,12429,0.2781,0.2293,0.3732,0.4226,0.9200,0.9683,0.7022,0.5744,0.4517,0.3205,0.2002,0.1058,0.0335,0.0000,0.0000,0.0000,0.8440,0.8280,0.8107,0.7910,0.7573,0.6346,0.5304,0.3711,0.2486,0.7776,0.4802,
textEN_bm25_citcount_18,50,50000,26664,12429,0.2781,0.2293,0.3730,0.4226,0.9200,0.9683,0.7022,0.5745,0.4517,0.3205,0.2002,0.1058,0.0334,0.0000,0.0000,0.0000,0.8440,0.8280,0.8107,0.7910,0.7580,0.6348,0.5305,0.3714,0.2486,0.7776,0.4802,
textEN_bm25_citcount_19,50,50000,26664,12429,0.2781,0.2293,0.3731,0.4226,0.9200,0.9683,0.7017,0.5746,0.4518,0.3206,0.2002,0.1059,0.0334,0.0000,0.0000,0.0000,0.8440,0.8280,0.8107,0.7910,0.7580,0.6346,0.5305,0.3716,0.2486,0.7776,0.4802,
textEN_bm25_citcount_20,50,50000,26664,12429,0.2782,0.2294,0.3730,0.4226,0.9200,0.9683,0.7016,0.5746,0.4518,0.3207,0.2002,0.1059,0.0334,0.0000,0.0000,0.0000,0.8440,0.8280,0.8107,0.7920,0.7587,0.6346,0.5306,0.3716,0.2486,0.7780,0.4802,
textEN_bm25_citcount_21,50,50000,26664,12429,0.2782,0.2294,0.3730,0.4226,0.9200,0.9683,0.7017,0.5748,0.4519,0.3206,0.2002,0.1060,0.0333,0.0000,0.0000,0.0000,0.8440,0.8280,0.8107,0.7920,0.7587,0.6346,0.5305,0.3716,0.2486,0.7780,0.4802,
textEN_bm25_citcount_22,50,50000,26664,12429,0.2783,0.2295,0.3731,0.4226,0.9200,0.9683,0.7018,0.5749,0.4519,0.3206,0.2002,0.1060,0.0333,0.0000,0.0000,0.0000,0.8440,0.8280,0.8120,0.7920,0.7593,0.6346,0.5306,0.3716,0.2486,0.7780,0.4802,
textEN_bm25_citcount_23,50,50000,26664,12429,0.2783,0.2295,0.3732,0.4226,0.9200,0.9683,0.7019,0.5750,0.4519,0.3207,0.2003,0.1060,0.0332,0.0000,0.0000,0.0000,0.8440,0.8280,0.8120,0.7910,0.7587,0.6340,0.5307,0.3717,0.2486,0.7781,0.4802,
textEN_bm25_citcount_24,50,50000,26664,12429,0.2779,0.2291,0.3729,0.4227,0.9200,0.9678,0.7029,0.5744,0.4513,0.3203,0.2000,0.1055,0.0336,0.0000,0.0000,0.0000,0.8440,0.8260,0.8120,0.7920,0.7567,0.6344,0.5300,0.3707,0.2486,0.7763,0.4802,
textEN_bm25_citcount_25,50,50000,26664,12429,0.2779,0.2291,0.3730,0.4227,0.9200,0.9678,0.7029,0.5744,0.4512,0.3203,0.2000,0.1056,0.0336,0.0000,0.0000,0.0000,0.8440,0.8260,0.8120,0.7920,0.7567,0.6344,0.5300,0.3707,0.2486,0.7763,0.4802,
textEN_bm25_citcount_26,50,50000,26664,12429,0.2779,0.2291,0.3730,0.4227,0.9200,0.9678,0.7029,0.5745,0.4514,0.3204,0.2001,0.1056,0.0336,0.0000,0.0000,0.0000,0.8440,0.8260,0.8120,0.7920,0.7567,0.6344,0.5300,0.3708,0.2486,0.7763,0.4802,
textEN_bm25_citcount_27,50,50000,26664,12429,0.2779,0.2291,0.3730,0.4227,0.9200,0.9678,0.7030,0.5743,0.4514,0.3204,0.2001,0.1056,0.0336,0.0000,0.0000,0.0000,0.8440,0.8260,0.8120,0.7920,0.7567,0.6344,0.5301,0.3708,0.2486,0.7763,0.4802,
textEN_bm25_citcount_28,50,50000,26664,12429,0.2779,0.2291,0.3729,0.4227,0.9200,0.9678,0.7026,0.5743,0.4514,0.3203,0.2001,0.1055,0.0336,0.0000,0.0000,0.0000,0.8440,0.8260,0.8120,0.7920,0.7567,0.6346,0.5301,0.3708,0.2486,0.7763,0.4802,
textEN_bm25_citcount_29,50,50000,26664,12429,0.2779,0.2291,0.3729,0.4227,0.9200,0.9678,0.7026,0.5743,0.4513,0.3203,0.2001,0.1055,0.0336,0.0000,0.0000,0.0000,0.8440,0.8260,0.8120,0.7920,0.7567,0.6346,0.5301,0.3708,0.2486,0.7763,0.4802,
textEN_bm25_citcount_30,50,50000,26664,12429,0.2780,0.2291,0.3730,0.4227,0.9200,0.9678,0.7025,0.5743,0.4513,0.3204,0.2001,0.1056,0.0336,0.0000,0.0000,0.0000,0.8440,0.8260,0.8120,0.7920,0.7567,0.6348,0.5302,0.3708,0.2486,0.7763,0.4802,
textEN_bm25_citcount_31,50,50000,26664,12429,0.2780,0.2291,0.3730,0.4227,0.9200,0.9678,0.7025,0.5743,0.4513,0.3204,0.2001,0.1056,0.0336,0.0000,0.0000,0.0000,0.8440,0.8260,0.8120,0.7920,0.7567,0.6346,0.5302,0.3708,0.2486,0.7763,0.4802,
textEN_bm25_citcount_32,50,50000,26664,12429,0.2780,0.2291,0.3731,0.4227,0.9200,0.9678,0.7025,0.5743,0.4512,0.3205,0.2001,0.1056,0.0335,0.0000,0.0000,0.0000,0.8440,0.8260,0.8120,0.7920,0.7567,0.6346,0.5302,0.3708,0.2486,0.7763,0.4802,
textEN_bm25_citcount_33,50,50000,26664,12429,0.2779,0.2291,0.3729,0.4227,0.9200,0.9678,0.7024,0.5744,0.4512,0.3203,0.2000,0.1056,0.0336,0.0000,0.0000,0.0000,0.8440,0.8260,0.8120,0.7920,0.7567,0.6344,0.5300,0.3708,0.2486,0.7763,0.4802,
textEN_bm25_citcount_34,50,50000,26664,12429,0.2779,0.2291,0.3730,0.4227,0.9200,0.9678,0.7026,0.5744,0.4512,0.3203,0.2001,0.1056,0.0336,0.0000,0.0000,0.0000,0.8440,0.8260,0.8120,0.7920,0.7567,0.6346,0.5302,0.3708,0.2486,0.7763,0.4802,
textEN_bm25_citcount_35,50,50000,26664,12429,0.2780,0.2291,0.3730,0.4227,0.9200,0.9678,0.7026,0.5744,0.4513,0.3203,0.2001,0.1056,0.0336,0.0000,0.0000,0.0000,0.8440,0.8260,0.8120,0.7920,0.7567,0.6346,0.5304,0.3709,0.2486,0.7763,0.4802,
textEN_bm25_citcount_36,50,50000,26664,12429,0.2780,0.2291,0.3731,0.4227,0.9200,0.9678,0.7027,0.5744,0.4514,0.3204,0.2001,0.1056,0.0336,0.0000,0.0000,0.0000,0.8440,0.8260,0.8120,0.7920,0.7567,0.6348,0.5304,0.3710,0.2486,0.7762,0.4802,
textEN_bm25_citcount_37,50,50000,26664,12429,0.2780,0.2291,0.3731,0.4227,0.9200,0.9678,0.7026,0.5745,0.4514,0.3204,0.2001,0.1056,0.0336,0.0000,0.0000,0.0000,0.8440,0.8260,0.8120,0.7920,0.7567,0.6348,0.5305,0.3711,0.2486,0.7762,0.4802,
textEN_bm25_citcount_38,50,50000,26664,12429,0.2780,0.2291,0.3731,0.4227,0.9200,0.9678,0.7024,0.5746,0.4514,0.3204,0.2001,0.1056,0.0336,0.0000,0.0000,0.0000,0.8440,0.8260,0.8120,0.7920,0.7567,0.6348,0.5304,0.3711,0.2486,0.7762,0.4802,
textEN_bm25_citcount_39,50,50000,26664,12429,0.2780,0.2292,0.3731,0.4227,0.9200,0.9678,0.7024,0.5747,0.4514,0.3204,0.2001,0.1056,0.0335,0.0000,0.0000,0.0000,0.8440,0.8260,0.8120,0.7920,0.7573,0.6346,0.5305,0.3712,0.2486,0.7762,0.4802,
textEN_bm25_citcount_40,50,50000,26664,12429,0.2780,0.2292,0.3731,0.4227,0.9200,0.9678,0.7024,0.5746,0.4514,0.3205,0.2001,0.1056,0.0335,0.0000,0.0000,0.0000,0.8440,0.8260,0.8120,0.7920,0.7573,0.6346,0.5306,0.3711,0.2486,0.7763,0.4802,
textEN_bm25_citcount_41,50,50000,26664,12429,0.2780,0.2292,0.3731,0.4227,0.9200,0.9683,0.7025,0.5746,0.4513,0.3205,0.2001,0.1055,0.0335,0.0000,0.0000,0.0000,0.8440,0.8260,0.8120,0.7920,0.7573,0.6346,0.5306,0.3711,0.2486,0.7763,0.4802,
textEN_bm25_citcount_42,50,50000,26664,12429,0.2780,0.2292,0.3731,0.4227,0.9200,0.9683,0.7025,0.5747,0.4514,0.3206,0.2001,0.1056,0.0335,0.0000,0.0000,0.0000,0.8440,0.8260,0.8120,0.7920,0.7573,0.6346,0.5306,0.3712,0.2486,0.7763,0.4802,
textEN_bm25_citcount_43,50,50000,26664,12429,0.2779,0.2291,0.3729,0.4227,0.9200,0.9678,0.7025,0.5742,0.4513,0.3203,0.2001,0.1055,0.0336,0.0000,0.0000,0.0000,0.8440,0.8260,0.8120,0.7920,0.7567,0.6346,0.5299,0.3707,0.2486,0.7763,0.4802,
textEN_bm25_citcount_44,50,50000,26664,12429,0.2779,0.2291,0.3729,0.4227,0.9200,0.9678,0.7024,0.5743,0.4513,0.3203,0.2001,0.1055,0.0336,0.0000,0.0000,0.0000,0.8440,0.8260,0.8120,0.7930,0.7573,0.6350,0.5299,0.3707,0.2486,0.7762,0.4802,
textEN_bm25_citcount_45,50,50000,26664,12429,0.2779,0.2291,0.3729,0.4227,0.9200,0.9683,0.7023,0.5743,0.4513,0.3203,0.2001,0.1055,0.0336,0.0000,0.0000,0.0000,0.8440,0.8280,0.8107,0.7910,0.7573,0.6350,0.5299,0.3707,0.2486,0.7775,0.4802,
textEN_bm25_citcount_46,50,50000,26664,12429,0.2780,0.2291,0.3729,0.4227,0.9200,0.9683,0.7022,0.5744,0.4513,0.3203,0.2001,0.1055,0.0336,0.0000,0.0000,0.0000,0.8440,0.8280,0.8107,0.7910,0.7573,0.6346,0.5299,0.3707,0.2486,0.7776,0.4802,
textEN_bm25_citcount_47,50,50000,26664,12429,0.2780,0.2291,0.3728,0.4227,0.9200,0.9683,0.7023,0.5745,0.4513,0.3203,0.2001,0.1055,0.0336,0.0000,0.0000,0.0000,0.8440,0.8280,0.8107,0.7910,0.7580,0.6348,0.5299,0.3707,0.2486,0.7776,0.4802,
textEN_bm25_citcount_48,50,50000,26664,12429,0.2780,0.2291,0.3728,0.4227,0.9200,0.9683,0.7018,0.5745,0.4512,0.3203,0.2001,0.1055,0.0336,0.0000,0.0000,0.0000,0.8440,0.8280,0.8107,0.7910,0.7580,0.6346,0.5299,0.3707,0.2486,0.7776,0.4802,
textEN_bm25_citcount_49,50,50000,26664,12429,0.2780,0.2291,0.3728,0.4227,0.9200,0.9683,0.7017,0.5746,0.4513,0.3203,0.2001,0.1055,0.0336,0.0000,0.0000,0.0000,0.8440,0.8280,0.8107,0.7920,0.7587,0.6346,0.5299,0.3707,0.2486,0.7780,0.4802,
textEN_bm25_citcount_50,50,50000,26664,12429,0.2780,0.2292,0.3728,0.4227,0.9200,0.9683,0.7018,0.5747,0.4513,0.3203,0.2001,0.1055,0.0336,0.0000,0.0000,0.0000,0.8440,0.8280,0.8107,0.7920,0.7587,0.6346,0.5299,0.3707,0.2486,0.7780,0.4802,
textEN_bm25_citcount_51,50,50000,26664,12429,0.2780,0.2292,0.3728,0.4227,0.9200,0.9683,0.7019,0.5748,0.4513,0.3203,0.2001,0.1055,0.0336,0.0000,0.0000,0.0000,0.8440,0.8280,0.8120,0.7920,0.7593,0.6346,0.5299,0.3707,0.2486,0.7780,0.4802,
textEN_bm25_citcount_52,50,50000,26664,12429,0.2780,0.2292,0.3728,0.4227,0.9200,0.9683,0.7020,0.5749,0.4510,0.3203,0.2001,0.1055,0.0336,0.0000,0.0000,0.0000,0.8440,0.8280,0.8120,0.7910,0.7587,0.6340,0.5299,0.3707,0.2486,0.7781,0.4802,
textEN_bm25_citcount_53,50,50000,26664,12429,0.2779,0.2290,0.3729,0.4227,0.9200,0.9678,0.7029,0.5743,0.4512,0.3203,0.2001,0.1055,0.0336,0.0000,0.0000,0.0000,0.8440,0.8260,0.8120,0.7920,0.7567,0.6344,0.5299,0.3707,0.2486,0.7763,0.4802,
textEN_bm25_citcount_54,50,50000,26664,12429,0.2779,0.2290,0.3729,0.4227,0.9200,0.9678,0.7029,0.5743,0.4512,0.3203,0.2001,0.1055,0.0336,0.0000,0.0000,0.0000,0.8440,0.8260,0.8120,0.7920,0.7567,0.6344,0.5299,0.3707,0.2486,0.7763,0.4802,
textEN_bm25_citcount_55,50,50000,26664,12429,0.2779,0.2291,0.3729,0.4227,0.9200,0.9678,0.7029,0.5743,0.4513,0.3203,0.2001,0.1055,0.0336,0.0000,0.0000,0.0000,0.8440,0.8260,0.8120,0.7920,0.7567,0.6344,0.5299,0.3707,0.2486,0.7763,0.4802,
textEN_bm25_citcount_56,50,50000,26664,12429,0.2779,0.2290,0.3729,0.4227,0.9200,0.9678,0.7030,0.5742,0.4513,0.3203,0.2001,0.1055,0.0336,0.0000,0.0000,0.0000,0.8440,0.8260,0.8120,0.7920,0.7567,0.6344,0.5299,0.3707,0.2486,0.7763,0.4802,
textEN_bm25_citcount_57,50,50000,26664,12429,0.2779,0.2291,0.3729,0.4227,0.9200,0.9678,0.7026,0.5742,0.4513,0.3203,0.2001,0.1055,0.0336,0.0000,0.0000,0.0000,0.8440,0.8260,0.8120,0.7920,0.7567,0.6346,0.5299,0.3707,0.2486,0.7763,0.4802,
textEN_bm25_citcount_58,50,50000,26664,12429,0.2779,0.2291,0.3729,0.4227,0.9200,0.9678,0.7026,0.5742,0.4513,0.3203,0.2001,0.1055,0.0336,0.0000,0.0000,0.0000,0.8440,0.8260,0.8120,0.7920,0.7567,0.6346,0.5299,0.3707,0.2486,0.7763,0.4802,
textEN_bm25_citcount_59,50,50000,26664,12429,0.2779,0.2291,0.3729,0.4227,0.9200,0.9678,0.7025,0.5742,0.4513,0.3203,0.2001,0.1055,0.0336,0.0000,0.0000,0.0000,0.8440,0.8260,0.8120,0.7920,0.7567,0.6348,0.5299,0.3707,0.2486,0.7763,0.4802,
textEN_bm25_citcount_60,50,50000,26664,12429,0.2779,0.2291,0.3729,0.4227,0.9200,0.9678,0.7025,0.5742,0.4513,0.3203,0.2001,0.1055,0.0336,0.0000,0.0000,0.0000,0.8440,0.8260,0.8120,0.7920,0.7567,0.6346,0.5299,0.3707,0.2486,0.7763,0.4802,
textEN_bm25_citcount_61,50,50000,26664,12429,0.2779,0.2291,0.3729,0.4227,0.9200,0.9678,0.7025,0.5742,0.4513,0.3203,0.2001,0.1055,0.0336,0.0000,0.0000,0.0000,0.8440,0.8260,0.8120,0.7920,0.7567,0.6346,0.5299,0.3707,0.2486,0.7763,0.4802,
textEN_bm25_citcount_62,50,50000,26664,12429,0.2779,0.2290,0.3729,0.4227,0.9200,0.9678,0.7024,0.5743,0.4512,0.3203,0.2001,0.1055,0.0336,0.0000,0.0000,0.0000,0.8440,0.8260,0.8120,0.7920,0.7567,0.6344,0.5299,0.3707,0.2486,0.7763,0.4802,
textEN_bm25_citcount_63,50,50000,26664,12429,0.2779,0.2290,0.3729,0.4227,0.9200,0.9678,0.7026,0.5743,0.4512,0.3203,0.2001,0.1055,0.0336,0.0000,0.0000,0.0000,0.8440,0.8260,0.8120,0.7920,0.7567,0.6346,0.5299,0.3707,0.2486,0.7763,0.4802,
textEN_bm25_citcount_64,50,50000,26664,12429,0.2779,0.2291,0.3729,0.4227,0.9200,0.9678,0.7026,0.5743,0.4513,0.3203,0.2001,0.1055,0.0336,0.0000,0.0000,0.0000,0.8440,0.8260,0.8120,0.7920,0.7567,0.6346,0.5299,0.3707,0.2486,0.7763,0.4802,
textEN_bm25_citcount_65,50,50000,26664,12429,0.2779,0.2291,0.3729,0.4227,0.9200,0.9678,0.7027,0.5743,0.4513,0.3203,0.2001,0.1055,0.0336,0.0000,0.0000,0.0000,0.8440,0.8260,0.8120,0.7920,0.7567,0.6348,0.5299,0.3707,0.2486,0.7762,0.4802,
textEN_bm25_citcount_66,50,50000,26664,12429,0.2779,0.2291,0.3729,0.4227,0.9200,0.9678,0.7026,0.5743,0.4513,0.3203,0.2001,0.1055,0.0336,0.0000,0.0000,0.0000,0.8440,0.8260,0.8120,0.7920,0.7567,0.6348,0.5299,0.3707,0.2486,0.7762,0.4802,
textEN_bm25_citcount_67,50,50000,26664,12429,0.2779,0.2291,0.3729,0.4227,0.9200,0.9678,0.7024,0.5745,0.4513,0.3203,0.2001,0.1055,0.0336,0.0000,0.0000,0.0000,0.8440,0.8260,0.8120,0.7920,0.7567,0.6348,0.5299,0.3707,0.2486,0.7762,0.4802,
textEN_bm25_citcount_68,50,50000,26664,12429,0.2779,0.2291,0.3729,0.4227,0.9200,0.9678,0.7024,0.5745,0.4513,0.3203,0.2001,0.1055,0.0336,0.0000,0.0000,0.0000,0.8440,0.8260,0.8120,0.7920,0.7573,0.6346,0.5299,0.3707,0.2486,0.7762,0.4802,
textEN_bm25_citcount_69,50,50000,26664,12429,0.2779,0.2291,0.3729,0.4227,0.9200,0.9678,0.7024,0.5745,0.4513,0.3203,0.2001,0.1055,0.0336,0.0000,0.0000,0.0000,0.8440,0.8260,0.8120,0.7920,0.7573,0.6346,0.5299,0.3707,0.2486,0.7763,0.4802,
textEN_bm25_citcount_70,50,50000,26664,12429,0.2779,0.2291,0.3729,0.4227,0.9200,0.9683,0.7025,0.5745,0.4513,0.3203,0.2001,0.1055,0.0336,0.0000,0.0000,0.0000,0.8440,0.8260,0.8120,0.7920,0.7573,0.6346,0.5299,0.3707,0.2486,0.7763,0.4802,
textEN_bm25_citcount_71,50,50000,26664,12429,0.2779,0.2291,0.3729,0.4227,0.9200,0.9683,0.7025,0.5745,0.4514,0.3203,0.2001,0.1055,0.0336,0.0000,0.0000,0.0000,0.8440,0.8260,0.8120,0.7920,0.7573,0.6346,0.5299,0.3707,0.2486,0.7763,0.4802,
textEN_bm25_citcount_72,50,50000,26664,12430,0.2780,0.2291,0.3731,0.4227,0.9200,0.9678,0.7025,0.5743,0.4512,0.3205,0.2001,0.1056,0.0335,0.0000,0.0000,0.0000,0.8440,0.8260,0.8120,0.7920,0.7567,0.6346,0.5302,0.3708,0.2486,0.7763,0.4802,
textEN_bm25_citcount_73,50,50000,26664,12432,0.2780,0.2292,0.3731,0.4227,0.9200,0.9678,0.7023,0.5743,0.4515,0.3205,0.2001,0.1057,0.0335,0.0000,0.0000,0.0000,0.8440,0.8260,0.8120,0.7930,0.7573,0.6350,0.5302,0.3709,0.2486,0.7762,0.4803,
textEN_bm25_citcount_74,50,50000,26664,12433,0.2781,0.2292,0.3732,0.4228,0.9200,0.9683,0.7023,0.5743,0.4516,0.3204,0.2002,0.1058,0.0335,0.0000,0.0000,0.0000,0.8440,0.8280,0.8107,0.7910,0.7573,0.6350,0.5302,0.3710,0.2487,0.7775,0.4802,
textEN_bm25_citcount_75,50,50000,26664,12439,0.2782,0.2293,0.3733,0.4229,0.9200,0.9683,0.7022,0.5744,0.4517,0.3205,0.2002,0.1058,0.0335,0.0000,0.0000,0.0000,0.8440,0.8280,0.8107,0.7910,0.7573,0.6346,0.5304,0.3711,0.2488,0.7776,0.4804,
textEN_bm25_citcount_76,50,50000,26664,12438,0.2782,0.2294,0.3731,0.4229,0.9200,0.9683,0.7022,0.5745,0.4517,0.3205,0.2002,0.1058,0.0334,0.0000,0.0000,0.0000,0.8440,0.8280,0.8107,0.7910,0.7580,0.6348,0.5305,0.3714,0.2488,0.7776,0.4804,
textEN_bm25_citcount_77,50,50000,26664,12437,0.2782,0.2294,0.3731,0.4229,0.9200,0.9683,0.7017,0.5746,0.4518,0.3206,0.2002,0.1059,0.0334,0.0000,0.0000,0.0000,0.8440,0.8280,0.8107,0.7910,0.7580,0.6346,0.5305,0.3716,0.2487,0.7776,0.4803,
textEN_bm25_citcount_78,50,50000,26664,12438,0.2783,0.2294,0.3731,0.4229,0.9200,0.9683,0.7016,0.5746,0.4518,0.3207,0.2002,0.1059,0.0334,0.0000,0.0000,0.0000,0.8440,0.8280,0.8107,0.7920,0.7587,0.6346,0.5306,0.3716,0.2488,0.7780,0.4803,
textEN_bm25_citcount_79,50,50000,26664,12439,0.2783,0.2295,0.3731,0.4229,0.9200,0.9683,0.7017,0.5748,0.4519,0.3206,0.2002,0.1059,0.0333,0.0000,0.0000,0.0000,0.8440,0.8280,0.8107,0.7920,0.7587,0.6346,0.5305,0.3716,0.2488,0.7780,0.4804,
textEN_bm25_citcount_80,50,50000,26664,12443,0.2784,0.2296,0.3732,0.4231,0.9200,0.9683,0.7018,0.5749,0.4519,0.3206,0.2002,0.1060,0.0333,0.0000,0.0000,0.0000,0.8440,0.8280,0.8120,0.7920,0.7593,0.6346,0.5306,0.3716,0.2489,0.7780,0.4804,
textEN_bm25_citcount_81,50,50000,26664,12444,0.2784,0.2296,0.3732,0.4231,0.9200,0.9683,0.7019,0.5750,0.4519,0.3207,0.2003,0.1060,0.0332,0.0000,0.0000,0.0000,0.8440,0.8280,0.8120,0.7910,0.7587,0.6340,0.5307,0.3717,0.2489,0.7781,0.4805,
textEN_bm25_citcount_82,50,50000,26664,12428,0.2779,0.2290,0.3729,0.4226,0.9200,0.9678,0.7024,0.5744,0.4512,0.3203,0.2000,0.1056,0.0336,0.0000,0.0000,0.0000,0.8440,0.8260,0.8120,0.7920,0.7567,0.6344,0.5300,0.3708,0.2486,0.7763,0.4801,
textEN_bm25_citcount_83,50,50000,26664,12429,0.2779,0.2290,0.3730,0.4227,0.9200,0.9678,0.7026,0.5744,0.4512,0.3203,0.2001,0.1056,0.0336,0.0000,0.0000,0.0000,0.8440,0.8260,0.8120,0.7920,0.7567,0.6346,0.5302,0.3708,0.2486,0.7763,0.4802,
textEN_bm25_citcount_84,50,50000,26664,12428,0.2780,0.2290,0.3730,0.4226,0.9200,0.9678,0.7026,0.5744,0.4513,0.3203,0.2001,0.1056,0.0336,0.0000,0.0000,0.0000,0.8440,0.8260,0.8120,0.7920,0.7567,0.6346,0.5304,0.3709,0.2486,0.7763,0.4801,
textEN_bm25_citcount_85,50,50000,26664,12432,0.2780,0.2291,0.3731,0.4227,0.9200,0.9678,0.7027,0.5744,0.4514,0.3204,0.2001,0.1056,0.0336,0.0000,0.0000,0.0000,0.8440,0.8260,0.8120,0.7920,0.7567,0.6348,0.5304,0.3710,0.2486,0.7762,0.4802,
textEN_bm25_citcount_86,50,50000,26664,12433,0.2780,0.2291,0.3731,0.4228,0.9200,0.9678,0.7026,0.5745,0.4514,0.3204,0.2001,0.1056,0.0336,0.0000,0.0000,0.0000,0.8440,0.8260,0.8120,0.7920,0.7567,0.6348,0.5305,0.3711,0.2487,0.7762,0.4803,
textEN_bm25_citcount_87,50,50000,26664,12431,0.2780,0.2291,0.3731,0.4227,0.9200,0.9678,0.7024,0.5746,0.4514,0.3204,0.2001,0.1056,0.0336,0.0000,0.0000,0.0000,0.8440,0.8260,0.8120,0.7920,0.7567,0.6348,0.5304,0.3711,0.2486,0.7762,0.4802,
textEN_bm25_citcount_88,50,50000,26664,12432,0.2780,0.2291,0.3731,0.4228,0.9200,0.9678,0.7024,0.5747,0.4514,0.3204,0.2001,0.1056,0.0335,0.0000,0.0000,0.0000,0.8440,0.8260,0.8120,0.7920,0.7573,0.6346,0.5305,0.3712,0.2486,0.7762,0.4803,
textEN_bm25_citcount_89,50,50000,26664,12434,0.2781,0.2292,0.3731,0.4228,0.9200,0.9678,0.7024,0.5746,0.4514,0.3205,0.2001,0.1055,0.0335,0.0000,0.0000,0.0000,0.8440,0.8260,0.8120,0.7920,0.7573,0.6346,0.5306,0.3711,0.2487,0.7763,0.4803,
textEN_bm25_citcount_90,50,50000,26664,12434,0.2781,0.2292,0.3731,0.4228,0.9200,0.9683,0.7024,0.5746,0.4513,0.3205,0.2001,0.1055,0.0335,0.0000,0.0000,0.0000,0.8440,0.8260,0.8120,0.7920,0.7573,0.6346,0.5306,0.3711,0.2487,0.7763,0.4803,
textEN_bm25_citcount_91,50,50000,26664,12435,0.2781,0.2292,0.3731,0.4228,0.9200,0.9683,0.7025,0.5747,0.4514,0.3206,0.2001,0.1055,0.0335,0.0000,0.0000,0.0000,0.8440,0.8260,0.8120,0.7920,0.7573,0.6346,0.5306,0.3712,0.2487,0.7763,0.4803,
textEN_bm25_citcount_100,50,50000,26664,12444,0.2784,0.2296,0.3732,0.4231,0.9200,0.9683,0.7019,0.5750,0.4519,0.3207,0.2003,0.1060,0.0332,0.0000,0.0000,0.0000,0.8440,0.8280,0.8120,0.7910,0.7587,0.6340,0.5307,0.3717,0.2489,0.7781,0.4805,
textEN_bm25_citcount_101,50,50000,26664,12444,0.2784,0.2296,0.3732,0.4231,0.9200,0.9683,0.7019,0.5750,0.4519,0.3207,0.2003,0.1060,0.0332,0.0000,0.0000,0.0000,0.8440,0.8280,0.8120,0.7910,0.7587,0.6340,0.5307,0.3717,0.2489,0.7781,0.4805,
textEN_bm25_citcount_102,50,50000,26664,12444,0.2784,0.2296,0.3732,0.4231,0.9200,0.9683,0.7019,0.5750,0.4519,0.3207,0.2003,0.1060,0.0332,0.0000,0.0000,0.0000,0.8440,0.8280,0.8120,0.7910,0.7587,0.6340,0.5307,0.3717,0.2489,0.7781,0.4805,
textEN_bm25_citcount_103,50,50000,26664,12444,0.2784,0.2296,0.3732,0.4231,0.9200,0.9683,0.7019,0.5750,0.4519,0.3207,0.2003,0.1060,0.0332,0.0000,0.0000,0.0000,0.8440,0.8280,0.8120,0.7910,0.7587,0.6340,0.5307,0.3717,0.2489,0.7781,0.4805,
textEN_bm25_citcount_104,50,50000,26664,12444,0.2784,0.2296,0.3732,0.4231,0.9200,0.9683,0.7019,0.5750,0.4519,0.3207,0.2003,0.1060,0.0332,0.0000,0.0000,0.0000,0.8440,0.8280,0.8120,0.7910,0.7587,0.6340,0.5307,0.3717,0.2489,0.7781,0.4805,
textEN_bm25_citcount_105,50,50000,26664,12444,0.2784,0.2296,0.3732,0.4231,0.9200,0.9683,0.7019,0.5750,0.4519,0.3207,0.2003,0.1060,0.0332,0.0000,0.0000,0.0000,0.8440,0.8280,0.8120,0.7910,0.7587,0.6340,0.5307,0.3717,0.2489,0.7781,0.4805,
textEN_bm25_citcount_106,50,50000,26664,12444,0.2784,0.2296,0.3732,0.4231,0.9200,0.9683,0.7019,0.5750,0.4519,0.3207,0.2003,0.1060,0.0332,0.0000,0.0000,0.0000,0.8440,0.8280,0.8120,0.7910,0.7587,0.6340,0.5307,0.3717,0.2489,0.7781,0.4805,
textEN_bm25_citcount_107,50,50000,26664,12444,0.2784,0.2296,0.3732,0.4231,0.9200,0.9683,0.7019,0.5750,0.4519,0.3207,0.2003,0.1060,0.0332,0.0000,0.0000,0.0000,0.8440,0.8280,0.8120,0.7910,0.7587,0.6340,0.5307,0.3717,0.2489,0.7781,0.4805,
textEN_bm25_citcount_108,50,50000,26664,12444,0.2784,0.2296,0.3732,0.4231,0.9200,0.9683,0.7019,0.5750,0.4519,0.3207,0.2003,0.1060,0.0332,0.0000,0.0000,0.0000,0.8440,0.8280,0.8120,0.7910,0.7587,0.6340,0.5307,0.3717,0.2489,0.7781,0.4805,
textEN_bm25_citcount_92,50,50000,26664,12444,0.2784,0.2296,0.3732,0.4231,0.9200,0.9683,0.7019,0.5750,0.4519,0.3207,0.2003,0.1060,0.0332,0.0000,0.0000,0.0000,0.8440,0.8280,0.8120,0.7910,0.7587,0.6340,0.5307,0.3717,0.2489,0.7781,0.4805,
textEN_bm25_citcount_93,50,50000,26664,12444,0.2784,0.2296,0.3732,0.4231,0.9200,0.9683,0.7019,0.5750,0.4519,0.3207,0.2003,0.1060,0.0332,0.0000,0.0000,0.0000,0.8440,0.8280,0.8120,0.7910,0.7587,0.6340,0.5307,0.3717,0.2489,0.7781,0.4805,
textEN_bm25_citcount_94,50,50000,26664,12444,0.2784,0.2296,0.3732,0.4231,0.9200,0.9683,0.7019,0.5750,0.4519,0.3207,0.2003,0.1060,0.0332,0.0000,0.0000,0.0000,0.8440,0.8280,0.8120,0.7910,0.7587,0.6340,0.5307,0.3717,0.2489,0.7781,0.4805,
textEN_bm25_citcount_95,50,50000,26664,12444,0.2784,0.2296,0.3732,0.4231,0.9200,0.9683,0.7019,0.5750,0.4519,0.3207,0.2003,0.1060,0.0332,0.0000,0.0000,0.0000,0.8440,0.8280,0.8120,0.7910,0.7587,0.6340,0.5307,0.3717,0.2489,0.7781,0.4805,
textEN_bm25_citcount_96,50,50000,26664,12444,0.2784,0.2296,0.3732,0.4231,0.9200,0.9683,0.7019,0.5750,0.4519,0.3207,0.2003,0.1060,0.0332,0.0000,0.0000,0.0000,0.8440,0.8280,0.8120,0.7910,0.7587,0.6340,0.5307,0.3717,0.2489,0.7781,0.4805,
textEN_bm25_citcount_97,50,50000,26664,12444,0.2784,0.2296,0.3732,0.4231,0.9200,0.9683,0.7019,0.5750,0.4519,0.3207,0.2003,0.1060,0.0332,0.0000,0.0000,0.0000,0.8440,0.8280,0.8120,0.7910,0.7587,0.6340,0.5307,0.3717,0.2489,0.7781,0.4805,
textEN_bm25_citcount_98,50,50000,26664,12444,0.2784,0.2296,0.3732,0.4231,0.9200,0.9683,0.7019,0.5750,0.4519,0.3207,0.2003,0.1060,0.0332,0.0000,0.0000,0.0000,0.8440,0.8280,0.8120,0.7910,0.7587,0.6340,0.5307,0.3717,0.2489,0.7781,0.4805,
textEN_bm25_citcount_99,50,50000,26664,12444,0.2784,0.2296,0.3732,0.4231,0.9200,0.9683,0.7019,0.5750,0.4519,0.3207,0.2003,0.1060,0.0332,0.0000,0.0000,0.0000,0.8440,0.8280,0.8120,0.7910,0.7587,0.6340,0.5307,0.3717,0.2489,0.7781,0.4805,
